,year,month,day,category,count
0,2016,10,1,arson,2
1,2016,10,1,assault,11
2,2016,10,1,battery,29
3,2016,10,1,burglary,52
4,2016,10,1,child-related crimes,4
5,2016,10,1,disorderly conduct,12
6,2016,10,1,driving under the influence,19
7,2016,10,1,drug possession,27
8,2016,10,1,drunk in public,18
9,2016,10,1,fraud,12
10,2016,10,1,illegal conceal or carry of weapon,4
11,2016,10,1,motor vehicle theft,38
12,2016,10,1,murder,1
13,2016,10,1,other,58
14,2016,10,1,"sex crimes, not child-related",8
15,2016,10,1,theft,68
16,2016,10,1,vandalism,25
17,2016,10,10,arson,2
18,2016,10,10,assault,11
19,2016,10,10,battery,22
20,2016,10,10,burglary,47
21,2016,10,10,child-related crimes,4
22,2016,10,10,disorderly conduct,2
23,2016,10,10,driving under the influence,8
24,2016,10,10,drug possession,47
25,2016,10,10,drunk in public,15
26,2016,10,10,fraud,4
27,2016,10,10,illegal conceal or carry of weapon,2
28,2016,10,10,"illegal sales, manufacture, or transport",2
29,2016,10,10,motor vehicle theft,40
30,2016,10,10,other,32
31,2016,10,10,"sex crimes, not child-related",2
32,2016,10,10,theft,58
33,2016,10,10,vandalism,28
34,2016,10,11,arson,2
35,2016,10,11,assault,14
36,2016,10,11,attempted murder,1
37,2016,10,11,battery,17
38,2016,10,11,burglary,57
39,2016,10,11,child-related crimes,3
40,2016,10,11,disorderly conduct,4
41,2016,10,11,driving under the influence,9
42,2016,10,11,drug possession,34
43,2016,10,11,drunk in public,11
44,2016,10,11,fraud,7
45,2016,10,11,illegal conceal or carry of weapon,2
46,2016,10,11,"illegal sales, manufacture, or transport",4
47,2016,10,11,motor vehicle theft,37
48,2016,10,11,murder,1
49,2016,10,11,other,39
50,2016,10,11,"sex crimes, not child-related",4
51,2016,10,11,theft,67
52,2016,10,11,vandalism,22
53,2016,10,11,weapon-related crime,3
54,2016,10,12,arson,1
55,2016,10,12,assault,9
56,2016,10,12,battery,25
57,2016,10,12,burglary,50
58,2016,10,12,child-related crimes,2
59,2016,10,12,disorderly conduct,2
60,2016,10,12,driving under the influence,8
61,2016,10,12,drug possession,42
62,2016,10,12,drunk in public,4
63,2016,10,12,fraud,9
64,2016,10,12,illegal conceal or carry of weapon,4
65,2016,10,12,"illegal sales, manufacture, or transport",5
66,2016,10,12,motor vehicle theft,46
67,2016,10,12,other,47
68,2016,10,12,"sex crimes, not child-related",2
69,2016,10,12,theft,67
70,2016,10,12,vandalism,27
71,2016,10,12,weapon-related crime,3
72,2016,10,13,assault,6
73,2016,10,13,battery,22
74,2016,10,13,burglary,42
75,2016,10,13,child-related crimes,1
76,2016,10,13,disorderly conduct,5
77,2016,10,13,driving under the influence,11
78,2016,10,13,drug possession,39
79,2016,10,13,drunk in public,14
80,2016,10,13,fraud,8
81,2016,10,13,illegal conceal or carry of weapon,7
82,2016,10,13,"illegal sales, manufacture, or transport",5
83,2016,10,13,motor vehicle theft,42
84,2016,10,13,murder,1
85,2016,10,13,other,35
86,2016,10,13,"sex crimes, not child-related",15
87,2016,10,13,theft,94
88,2016,10,13,vandalism,23
89,2016,10,13,weapon-related crime,2
90,2016,10,14,arson,1
91,2016,10,14,assault,8
92,2016,10,14,battery,22
93,2016,10,14,burglary,56
94,2016,10,14,child-related crimes,2
95,2016,10,14,disorderly conduct,3
96,2016,10,14,driving under the influence,8
97,2016,10,14,drug possession,55
98,2016,10,14,drunk in public,18
99,2016,10,14,fraud,6
100,2016,10,14,illegal conceal or carry of weapon,4
101,2016,10,14,"illegal sales, manufacture, or transport",3
102,2016,10,14,motor vehicle theft,30
103,2016,10,14,other,44
104,2016,10,14,"sex crimes, not child-related",10
105,2016,10,14,theft,92
106,2016,10,14,vandalism,34
107,2016,10,14,weapon-related crime,1
108,2016,10,15,arson,1
109,2016,10,15,assault,6
110,2016,10,15,battery,23
111,2016,10,15,burglary,45
112,2016,10,15,child-related crimes,2
113,2016,10,15,disorderly conduct,6
114,2016,10,15,driving under the influence,16
115,2016,10,15,drug possession,42
116,2016,10,15,drunk in public,10
117,2016,10,15,fraud,4
118,2016,10,15,illegal conceal or carry of weapon,5
119,2016,10,15,motor vehicle theft,57
120,2016,10,15,murder,1
121,2016,10,15,other,39
122,2016,10,15,"sex crimes, not child-related",11
123,2016,10,15,theft,92
124,2016,10,15,vandalism,27
125,2016,10,15,weapon-related crime,2
126,2016,10,16,assault,14
127,2016,10,16,battery,25
128,2016,10,16,burglary,49
129,2016,10,16,child-related crimes,3
130,2016,10,16,disorderly conduct,10
131,2016,10,16,driving under the influence,21
132,2016,10,16,drug possession,19
133,2016,10,16,drunk in public,12
134,2016,10,16,fraud,1
135,2016,10,16,illegal conceal or carry of weapon,4
136,2016,10,16,"illegal sales, manufacture, or transport",2
137,2016,10,16,motor vehicle theft,51
138,2016,10,16,murder,1
139,2016,10,16,other,42
140,2016,10,16,"sex crimes, not child-related",9
141,2016,10,16,theft,64
142,2016,10,16,vandalism,27
143,2016,10,16,weapon-related crime,1
144,2016,10,17,arson,2
145,2016,10,17,assault,8
146,2016,10,17,battery,23
147,2016,10,17,burglary,57
148,2016,10,17,child-related crimes,2
149,2016,10,17,driving under the influence,6
150,2016,10,17,drug possession,25
151,2016,10,17,drunk in public,5
152,2016,10,17,fraud,8
153,2016,10,17,illegal conceal or carry of weapon,4
154,2016,10,17,"illegal sales, manufacture, or transport",4
155,2016,10,17,motor vehicle theft,51
156,2016,10,17,other,24
157,2016,10,17,"sex crimes, not child-related",5
158,2016,10,17,theft,72
159,2016,10,17,vandalism,20
160,2016,10,17,weapon-related crime,1
161,2016,10,18,assault,6
162,2016,10,18,battery,23
163,2016,10,18,burglary,47
164,2016,10,18,disorderly conduct,5
165,2016,10,18,driving under the influence,9
166,2016,10,18,drug possession,33
167,2016,10,18,drunk in public,10
168,2016,10,18,fraud,7
169,2016,10,18,illegal conceal or carry of weapon,1
170,2016,10,18,motor vehicle theft,33
171,2016,10,18,other,40
172,2016,10,18,"sex crimes, not child-related",3
173,2016,10,18,theft,82
174,2016,10,18,vandalism,25
175,2016,10,18,weapon-related crime,3
176,2016,10,19,assault,6
177,2016,10,19,attempted murder,1
178,2016,10,19,battery,16
179,2016,10,19,burglary,41
180,2016,10,19,child-related crimes,1
181,2016,10,19,disorderly conduct,2
182,2016,10,19,driving under the influence,11
183,2016,10,19,drug possession,37
184,2016,10,19,drunk in public,10
185,2016,10,19,fraud,6
186,2016,10,19,illegal conceal or carry of weapon,6
187,2016,10,19,"illegal sales, manufacture, or transport",7
188,2016,10,19,motor vehicle theft,48
189,2016,10,19,other,29
190,2016,10,19,"sex crimes, not child-related",6
191,2016,10,19,theft,65
192,2016,10,19,vandalism,22
193,2016,10,19,weapon-related crime,2
194,2016,10,2,arson,1
195,2016,10,2,assault,12
196,2016,10,2,battery,32
197,2016,10,2,burglary,51
198,2016,10,2,disorderly conduct,13
199,2016,10,2,driving under the influence,15
200,2016,10,2,drug possession,24
201,2016,10,2,drunk in public,19
202,2016,10,2,fraud,3
203,2016,10,2,illegal conceal or carry of weapon,3
204,2016,10,2,"illegal sales, manufacture, or transport",2
205,2016,10,2,motor vehicle theft,39
206,2016,10,2,other,49
207,2016,10,2,"sex crimes, not child-related",5
208,2016,10,2,theft,70
209,2016,10,2,vandalism,30
210,2016,10,2,weapon-related crime,1
211,2016,10,20,assault,8
212,2016,10,20,battery,30
213,2016,10,20,burglary,46
214,2016,10,20,child-related crimes,1
215,2016,10,20,disorderly conduct,10
216,2016,10,20,driving under the influence,6
217,2016,10,20,drug possession,34
218,2016,10,20,drunk in public,6
219,2016,10,20,fraud,6
220,2016,10,20,illegal conceal or carry of weapon,6
221,2016,10,20,"illegal sales, manufacture, or transport",5
222,2016,10,20,motor vehicle theft,26
223,2016,10,20,other,28
224,2016,10,20,"sex crimes, not child-related",6
225,2016,10,20,theft,80
226,2016,10,20,vandalism,27
227,2016,10,20,weapon-related crime,2
228,2016,10,21,arson,2
229,2016,10,21,assault,16
230,2016,10,21,battery,18
231,2016,10,21,burglary,56
232,2016,10,21,child-related crimes,2
233,2016,10,21,disorderly conduct,3
234,2016,10,21,driving under the influence,13
235,2016,10,21,drug possession,44
236,2016,10,21,drunk in public,13
237,2016,10,21,fraud,3
238,2016,10,21,illegal conceal or carry of weapon,5
239,2016,10,21,"illegal sales, manufacture, or transport",11
240,2016,10,21,motor vehicle theft,42
241,2016,10,21,other,29
242,2016,10,21,"sex crimes, not child-related",2
243,2016,10,21,theft,93
244,2016,10,21,vandalism,32
245,2016,10,21,weapon-related crime,2
246,2016,10,22,arson,4
247,2016,10,22,assault,12
248,2016,10,22,battery,20
249,2016,10,22,burglary,54
250,2016,10,22,child-related crimes,1
251,2016,10,22,disorderly conduct,6
252,2016,10,22,driving under the influence,23
253,2016,10,22,drug possession,23
254,2016,10,22,drunk in public,25
255,2016,10,22,fraud,1
256,2016,10,22,illegal conceal or carry of weapon,5
257,2016,10,22,motor vehicle theft,39
258,2016,10,22,murder,1
259,2016,10,22,other,33
260,2016,10,22,"sex crimes, not child-related",6
261,2016,10,22,theft,72
262,2016,10,22,vandalism,27
263,2016,10,22,weapon-related crime,1
264,2016,10,23,assault,16
265,2016,10,23,battery,31
266,2016,10,23,burglary,49
267,2016,10,23,child-related crimes,2
268,2016,10,23,disorderly conduct,6
269,2016,10,23,driving under the influence,22
270,2016,10,23,drug possession,18
271,2016,10,23,drunk in public,12
272,2016,10,23,fraud,2
273,2016,10,23,illegal conceal or carry of weapon,6
274,2016,10,23,"illegal sales, manufacture, or transport",1
275,2016,10,23,motor vehicle theft,33
276,2016,10,23,other,33
277,2016,10,23,"sex crimes, not child-related",3
278,2016,10,23,theft,51
279,2016,10,23,vandalism,26
280,2016,10,23,weapon-related crime,1
281,2016,10,24,assault,5
282,2016,10,24,battery,13
283,2016,10,24,burglary,43
284,2016,10,24,child-related crimes,4
285,2016,10,24,disorderly conduct,5
286,2016,10,24,driving under the influence,5
287,2016,10,24,drug possession,30
288,2016,10,24,drunk in public,15
289,2016,10,24,fraud,5
290,2016,10,24,illegal conceal or carry of weapon,1
291,2016,10,24,"illegal sales, manufacture, or transport",3
292,2016,10,24,motor vehicle theft,50
293,2016,10,24,other,38
294,2016,10,24,"sex crimes, not child-related",4
295,2016,10,24,theft,73
296,2016,10,24,vandalism,20
297,2016,10,24,weapon-related crime,1
298,2016,10,25,assault,10
299,2016,10,25,battery,23
300,2016,10,25,burglary,51
301,2016,10,25,child-related crimes,1
302,2016,10,25,disorderly conduct,2
303,2016,10,25,driving under the influence,10
304,2016,10,25,drug possession,60
305,2016,10,25,drunk in public,13
306,2016,10,25,fraud,6
307,2016,10,25,illegal conceal or carry of weapon,3
308,2016,10,25,"illegal sales, manufacture, or transport",7
309,2016,10,25,motor vehicle theft,36
310,2016,10,25,murder,1
311,2016,10,25,other,29
312,2016,10,25,"sex crimes, not child-related",7
313,2016,10,25,theft,75
314,2016,10,25,vandalism,19
315,2016,10,25,weapon-related crime,3
316,2016,10,26,arson,1
317,2016,10,26,assault,11
318,2016,10,26,attempted murder,2
319,2016,10,26,battery,25
320,2016,10,26,burglary,47
321,2016,10,26,child-related crimes,4
322,2016,10,26,disorderly conduct,5
323,2016,10,26,driving under the influence,5
324,2016,10,26,drug possession,57
325,2016,10,26,drunk in public,14
326,2016,10,26,fraud,8
327,2016,10,26,illegal conceal or carry of weapon,2
328,2016,10,26,"illegal sales, manufacture, or transport",7
329,2016,10,26,motor vehicle theft,34
330,2016,10,26,murder,1
331,2016,10,26,other,25
332,2016,10,26,"sex crimes, not child-related",8
333,2016,10,26,theft,82
334,2016,10,26,vandalism,19
335,2016,10,26,weapon-related crime,1
336,2016,10,27,arson,1
337,2016,10,27,assault,8
338,2016,10,27,attempted murder,1
339,2016,10,27,battery,27
340,2016,10,27,burglary,44
341,2016,10,27,child-related crimes,1
342,2016,10,27,disorderly conduct,3
343,2016,10,27,driving under the influence,10
344,2016,10,27,drug possession,55
345,2016,10,27,drunk in public,14
346,2016,10,27,fraud,3
347,2016,10,27,illegal conceal or carry of weapon,4
348,2016,10,27,"illegal sales, manufacture, or transport",4
349,2016,10,27,motor vehicle theft,27
350,2016,10,27,other,32
351,2016,10,27,"sex crimes, not child-related",5
352,2016,10,27,theft,80
353,2016,10,27,vandalism,24
354,2016,10,27,weapon-related crime,8
355,2016,10,28,assault,13
356,2016,10,28,attempted murder,1
357,2016,10,28,battery,24
358,2016,10,28,burglary,69
359,2016,10,28,child-related crimes,3
360,2016,10,28,disorderly conduct,6
361,2016,10,28,driving under the influence,11
362,2016,10,28,drug possession,60
363,2016,10,28,drunk in public,12
364,2016,10,28,fraud,10
365,2016,10,28,illegal conceal or carry of weapon,3
366,2016,10,28,"illegal sales, manufacture, or transport",3
367,2016,10,28,motor vehicle theft,36
368,2016,10,28,other,50
369,2016,10,28,"sex crimes, not child-related",2
370,2016,10,28,theft,74
371,2016,10,28,vandalism,37
372,2016,10,28,weapon-related crime,3
373,2016,10,29,arson,1
374,2016,10,29,assault,8
375,2016,10,29,battery,42
376,2016,10,29,burglary,60
377,2016,10,29,disorderly conduct,9
378,2016,10,29,driving under the influence,24
379,2016,10,29,drug possession,38
380,2016,10,29,drunk in public,13
381,2016,10,29,fraud,3
382,2016,10,29,illegal conceal or carry of weapon,9
383,2016,10,29,"illegal sales, manufacture, or transport",3
384,2016,10,29,motor vehicle theft,35
385,2016,10,29,other,34
386,2016,10,29,"sex crimes, not child-related",7
387,2016,10,29,theft,100
388,2016,10,29,vandalism,22
389,2016,10,29,weapon-related crime,2
390,2016,10,3,assault,10
391,2016,10,3,attempted murder,1
392,2016,10,3,battery,20
393,2016,10,3,burglary,49
394,2016,10,3,disorderly conduct,7
395,2016,10,3,driving under the influence,9
396,2016,10,3,drug possession,30
397,2016,10,3,drunk in public,12
398,2016,10,3,fraud,8
399,2016,10,3,illegal conceal or carry of weapon,1
400,2016,10,3,"illegal sales, manufacture, or transport",2
401,2016,10,3,motor vehicle theft,39
402,2016,10,3,murder,1
403,2016,10,3,other,27
404,2016,10,3,"sex crimes, not child-related",4
405,2016,10,3,theft,79
406,2016,10,3,vandalism,22
407,2016,10,3,weapon-related crime,3
408,2016,10,30,arson,1
409,2016,10,30,assault,14
410,2016,10,30,attempted murder,1
411,2016,10,30,battery,32
412,2016,10,30,burglary,41
413,2016,10,30,child-related crimes,2
414,2016,10,30,disorderly conduct,7
415,2016,10,30,driving under the influence,30
416,2016,10,30,drug possession,18
417,2016,10,30,drunk in public,15
418,2016,10,30,fraud,1
419,2016,10,30,illegal conceal or carry of weapon,3
420,2016,10,30,motor vehicle theft,33
421,2016,10,30,other,36
422,2016,10,30,"sex crimes, not child-related",6
423,2016,10,30,theft,75
424,2016,10,30,vandalism,21
425,2016,10,31,assault,9
426,2016,10,31,attempted murder,1
427,2016,10,31,battery,38
428,2016,10,31,burglary,43
429,2016,10,31,child-related crimes,4
430,2016,10,31,disorderly conduct,5
431,2016,10,31,driving under the influence,9
432,2016,10,31,drug possession,38
433,2016,10,31,drunk in public,11
434,2016,10,31,fraud,8
435,2016,10,31,illegal conceal or carry of weapon,6
436,2016,10,31,"illegal sales, manufacture, or transport",1
437,2016,10,31,motor vehicle theft,38
438,2016,10,31,other,40
439,2016,10,31,"sex crimes, not child-related",6
440,2016,10,31,theft,68
441,2016,10,31,vandalism,43
442,2016,10,31,weapon-related crime,5
443,2016,10,4,arson,1
444,2016,10,4,assault,12
445,2016,10,4,battery,17
446,2016,10,4,burglary,46
447,2016,10,4,child-related crimes,5
448,2016,10,4,disorderly conduct,2
449,2016,10,4,driving under the influence,9
450,2016,10,4,drug possession,43
451,2016,10,4,drunk in public,13
452,2016,10,4,fraud,5
453,2016,10,4,illegal conceal or carry of weapon,8
454,2016,10,4,"illegal sales, manufacture, or transport",3
455,2016,10,4,motor vehicle theft,42
456,2016,10,4,murder,2
457,2016,10,4,other,35
458,2016,10,4,"sex crimes, not child-related",5
459,2016,10,4,theft,68
460,2016,10,4,vandalism,20
461,2016,10,4,weapon-related crime,6
462,2016,10,5,arson,1
463,2016,10,5,assault,10
464,2016,10,5,battery,20
465,2016,10,5,burglary,46
466,2016,10,5,child-related crimes,2
467,2016,10,5,disorderly conduct,4
468,2016,10,5,driving under the influence,14
469,2016,10,5,drug possession,57
470,2016,10,5,drunk in public,10
471,2016,10,5,fraud,2
472,2016,10,5,illegal conceal or carry of weapon,2
473,2016,10,5,"illegal sales, manufacture, or transport",3
474,2016,10,5,motor vehicle theft,41
475,2016,10,5,other,40
476,2016,10,5,"sex crimes, not child-related",2
477,2016,10,5,theft,78
478,2016,10,5,vandalism,16
479,2016,10,5,weapon-related crime,1
480,2016,10,6,assault,11
481,2016,10,6,battery,10
482,2016,10,6,burglary,47
483,2016,10,6,child-related crimes,2
484,2016,10,6,disorderly conduct,4
485,2016,10,6,driving under the influence,9
486,2016,10,6,drug possession,43
487,2016,10,6,drunk in public,9
488,2016,10,6,fraud,5
489,2016,10,6,illegal conceal or carry of weapon,3
490,2016,10,6,"illegal sales, manufacture, or transport",3
491,2016,10,6,motor vehicle theft,47
492,2016,10,6,other,39
493,2016,10,6,"sex crimes, not child-related",8
494,2016,10,6,theft,89
495,2016,10,6,vandalism,30
496,2016,10,6,weapon-related crime,1
497,2016,10,7,assault,10
498,2016,10,7,attempted murder,1
499,2016,10,7,battery,28
500,2016,10,7,burglary,60
501,2016,10,7,child-related crimes,4
502,2016,10,7,disorderly conduct,8
503,2016,10,7,driving under the influence,13
504,2016,10,7,drug possession,46
505,2016,10,7,drunk in public,13
506,2016,10,7,fraud,6
507,2016,10,7,illegal conceal or carry of weapon,9
508,2016,10,7,"illegal sales, manufacture, or transport",2
509,2016,10,7,motor vehicle theft,44
510,2016,10,7,other,34
511,2016,10,7,"sex crimes, not child-related",4
512,2016,10,7,theft,84
513,2016,10,7,vandalism,25
514,2016,10,7,weapon-related crime,6
515,2016,10,8,arson,3
516,2016,10,8,assault,15
517,2016,10,8,attempted murder,1
518,2016,10,8,battery,16
519,2016,10,8,burglary,36
520,2016,10,8,child-related crimes,3
521,2016,10,8,disorderly conduct,15
522,2016,10,8,driving under the influence,22
523,2016,10,8,drug possession,25
524,2016,10,8,drunk in public,17
525,2016,10,8,fraud,3
526,2016,10,8,illegal conceal or carry of weapon,1
527,2016,10,8,"illegal sales, manufacture, or transport",2
528,2016,10,8,motor vehicle theft,47
529,2016,10,8,other,29
530,2016,10,8,"sex crimes, not child-related",4
531,2016,10,8,theft,72
532,2016,10,8,vandalism,34
533,2016,10,9,arson,1
534,2016,10,9,assault,8
535,2016,10,9,attempted murder,1
536,2016,10,9,battery,20
537,2016,10,9,burglary,43
538,2016,10,9,disorderly conduct,8
539,2016,10,9,driving under the influence,13
540,2016,10,9,drug possession,41
541,2016,10,9,drunk in public,20
542,2016,10,9,fraud,3
543,2016,10,9,illegal conceal or carry of weapon,7
544,2016,10,9,"illegal sales, manufacture, or transport",1
545,2016,10,9,motor vehicle theft,40
546,2016,10,9,murder,1
547,2016,10,9,other,28
548,2016,10,9,"sex crimes, not child-related",7
549,2016,10,9,theft,66
550,2016,10,9,vandalism,25
551,2016,10,9,weapon-related crime,1
552,2016,11,1,arson,2
553,2016,11,1,assault,11
554,2016,11,1,battery,39
555,2016,11,1,burglary,44
556,2016,11,1,child-related crimes,2
557,2016,11,1,disorderly conduct,6
558,2016,11,1,driving under the influence,11
559,2016,11,1,drug possession,37
560,2016,11,1,drunk in public,11
561,2016,11,1,fraud,12
562,2016,11,1,illegal conceal or carry of weapon,2
563,2016,11,1,"illegal sales, manufacture, or transport",6
564,2016,11,1,motor vehicle theft,32
565,2016,11,1,other,44
566,2016,11,1,"sex crimes, not child-related",8
567,2016,11,1,theft,73
568,2016,11,1,vandalism,21
569,2016,11,1,weapon-related crime,3
570,2016,11,10,arson,1
571,2016,11,10,assault,14
572,2016,11,10,battery,19
573,2016,11,10,burglary,41
574,2016,11,10,child-related crimes,4
575,2016,11,10,disorderly conduct,8
576,2016,11,10,driving under the influence,11
577,2016,11,10,drug possession,40
578,2016,11,10,drunk in public,14
579,2016,11,10,fraud,3
580,2016,11,10,illegal conceal or carry of weapon,2
581,2016,11,10,"illegal sales, manufacture, or transport",1
582,2016,11,10,motor vehicle theft,42
583,2016,11,10,other,39
584,2016,11,10,"sex crimes, not child-related",6
585,2016,11,10,theft,57
586,2016,11,10,vandalism,37
587,2016,11,10,weapon-related crime,4
588,2016,11,11,arson,1
589,2016,11,11,assault,14
590,2016,11,11,battery,18
591,2016,11,11,burglary,61
592,2016,11,11,child-related crimes,1
593,2016,11,11,disorderly conduct,3
594,2016,11,11,driving under the influence,18
595,2016,11,11,drug possession,35
596,2016,11,11,drunk in public,16
597,2016,11,11,fraud,4
598,2016,11,11,illegal conceal or carry of weapon,3
599,2016,11,11,"illegal sales, manufacture, or transport",4
600,2016,11,11,motor vehicle theft,56
601,2016,11,11,other,30
602,2016,11,11,"sex crimes, not child-related",6
603,2016,11,11,theft,70
604,2016,11,11,vandalism,53
605,2016,11,11,weapon-related crime,3
606,2016,11,12,arson,3
607,2016,11,12,assault,19
608,2016,11,12,battery,29
609,2016,11,12,burglary,41
610,2016,11,12,child-related crimes,2
611,2016,11,12,disorderly conduct,4
612,2016,11,12,driving under the influence,23
613,2016,11,12,drug possession,26
614,2016,11,12,drunk in public,19
615,2016,11,12,fraud,1
616,2016,11,12,illegal conceal or carry of weapon,2
617,2016,11,12,"illegal sales, manufacture, or transport",2
618,2016,11,12,motor vehicle theft,32
619,2016,11,12,other,22
620,2016,11,12,"sex crimes, not child-related",4
621,2016,11,12,theft,69
622,2016,11,12,vandalism,32
623,2016,11,12,weapon-related crime,2
624,2016,11,13,arson,2
625,2016,11,13,assault,10
626,2016,11,13,attempted murder,1
627,2016,11,13,battery,23
628,2016,11,13,burglary,56
629,2016,11,13,disorderly conduct,10
630,2016,11,13,driving under the influence,18
631,2016,11,13,drug possession,24
632,2016,11,13,drunk in public,22
633,2016,11,13,illegal conceal or carry of weapon,3
634,2016,11,13,motor vehicle theft,35
635,2016,11,13,murder,1
636,2016,11,13,other,30
637,2016,11,13,"sex crimes, not child-related",5
638,2016,11,13,theft,68
639,2016,11,13,vandalism,22
640,2016,11,14,arson,1
641,2016,11,14,assault,11
642,2016,11,14,attempted murder,1
643,2016,11,14,battery,17
644,2016,11,14,burglary,40
645,2016,11,14,child-related crimes,1
646,2016,11,14,driving under the influence,6
647,2016,11,14,drug possession,24
648,2016,11,14,drunk in public,13
649,2016,11,14,fraud,4
650,2016,11,14,illegal conceal or carry of weapon,1
651,2016,11,14,motor vehicle theft,40
652,2016,11,14,other,39
653,2016,11,14,"sex crimes, not child-related",5
654,2016,11,14,theft,73
655,2016,11,14,vandalism,25
656,2016,11,15,arson,1
657,2016,11,15,assault,7
658,2016,11,15,battery,20
659,2016,11,15,burglary,54
660,2016,11,15,child-related crimes,4
661,2016,11,15,disorderly conduct,5
662,2016,11,15,driving under the influence,13
663,2016,11,15,drug possession,41
664,2016,11,15,drunk in public,13
665,2016,11,15,fraud,8
666,2016,11,15,illegal conceal or carry of weapon,4
667,2016,11,15,"illegal sales, manufacture, or transport",1
668,2016,11,15,motor vehicle theft,38
669,2016,11,15,other,43
670,2016,11,15,"sex crimes, not child-related",4
671,2016,11,15,theft,79
672,2016,11,15,vandalism,31
673,2016,11,16,assault,8
674,2016,11,16,battery,16
675,2016,11,16,burglary,49
676,2016,11,16,child-related crimes,4
677,2016,11,16,disorderly conduct,1
678,2016,11,16,driving under the influence,8
679,2016,11,16,drug possession,36
680,2016,11,16,drunk in public,4
681,2016,11,16,fraud,7
682,2016,11,16,illegal conceal or carry of weapon,1
683,2016,11,16,"illegal sales, manufacture, or transport",1
684,2016,11,16,motor vehicle theft,44
685,2016,11,16,murder,1
686,2016,11,16,other,34
687,2016,11,16,"sex crimes, not child-related",2
688,2016,11,16,theft,68
689,2016,11,16,vandalism,26
690,2016,11,16,weapon-related crime,3
691,2016,11,17,arson,4
692,2016,11,17,assault,15
693,2016,11,17,battery,11
694,2016,11,17,burglary,36
695,2016,11,17,child-related crimes,1
696,2016,11,17,disorderly conduct,4
697,2016,11,17,driving under the influence,10
698,2016,11,17,drug possession,44
699,2016,11,17,drunk in public,13
700,2016,11,17,fraud,8
701,2016,11,17,illegal conceal or carry of weapon,5
702,2016,11,17,"illegal sales, manufacture, or transport",4
703,2016,11,17,motor vehicle theft,50
704,2016,11,17,other,33
705,2016,11,17,"sex crimes, not child-related",5
706,2016,11,17,theft,69
707,2016,11,17,vandalism,18
708,2016,11,18,assault,16
709,2016,11,18,battery,24
710,2016,11,18,burglary,54
711,2016,11,18,child-related crimes,3
712,2016,11,18,disorderly conduct,8
713,2016,11,18,driving under the influence,10
714,2016,11,18,drug possession,51
715,2016,11,18,drunk in public,13
716,2016,11,18,fraud,5
717,2016,11,18,illegal conceal or carry of weapon,5
718,2016,11,18,"illegal sales, manufacture, or transport",4
719,2016,11,18,motor vehicle theft,35
720,2016,11,18,murder,1
721,2016,11,18,other,44
722,2016,11,18,"sex crimes, not child-related",4
723,2016,11,18,theft,89
724,2016,11,18,vandalism,33
725,2016,11,18,weapon-related crime,1
726,2016,11,19,arson,1
727,2016,11,19,assault,8
728,2016,11,19,battery,23
729,2016,11,19,burglary,51
730,2016,11,19,child-related crimes,1
731,2016,11,19,disorderly conduct,6
732,2016,11,19,driving under the influence,25
733,2016,11,19,drug possession,25
734,2016,11,19,drunk in public,15
735,2016,11,19,fraud,6
736,2016,11,19,illegal conceal or carry of weapon,4
737,2016,11,19,motor vehicle theft,38
738,2016,11,19,other,33
739,2016,11,19,"sex crimes, not child-related",8
740,2016,11,19,theft,89
741,2016,11,19,vandalism,19
742,2016,11,2,arson,1
743,2016,11,2,assault,9
744,2016,11,2,battery,29
745,2016,11,2,burglary,56
746,2016,11,2,child-related crimes,2
747,2016,11,2,disorderly conduct,6
748,2016,11,2,driving under the influence,6
749,2016,11,2,drug possession,30
750,2016,11,2,drunk in public,8
751,2016,11,2,fraud,7
752,2016,11,2,illegal conceal or carry of weapon,4
753,2016,11,2,"illegal sales, manufacture, or transport",1
754,2016,11,2,motor vehicle theft,28
755,2016,11,2,other,40
756,2016,11,2,"sex crimes, not child-related",5
757,2016,11,2,theft,50
758,2016,11,2,vandalism,15
759,2016,11,2,weapon-related crime,4
760,2016,11,20,assault,8
761,2016,11,20,battery,13
762,2016,11,20,burglary,50
763,2016,11,20,child-related crimes,3
764,2016,11,20,disorderly conduct,9
765,2016,11,20,driving under the influence,29
766,2016,11,20,drug possession,22
767,2016,11,20,drunk in public,8
768,2016,11,20,fraud,3
769,2016,11,20,illegal conceal or carry of weapon,2
770,2016,11,20,"illegal sales, manufacture, or transport",3
771,2016,11,20,motor vehicle theft,36
772,2016,11,20,other,26
773,2016,11,20,"sex crimes, not child-related",1
774,2016,11,20,theft,67
775,2016,11,20,vandalism,17
776,2016,11,20,weapon-related crime,2
777,2016,11,21,assault,7
778,2016,11,21,attempted murder,1
779,2016,11,21,battery,14
780,2016,11,21,burglary,39
781,2016,11,21,disorderly conduct,5
782,2016,11,21,driving under the influence,9
783,2016,11,21,drug possession,21
784,2016,11,21,drunk in public,11
785,2016,11,21,fraud,3
786,2016,11,21,illegal conceal or carry of weapon,2
787,2016,11,21,"illegal sales, manufacture, or transport",2
788,2016,11,21,motor vehicle theft,40
789,2016,11,21,murder,1
790,2016,11,21,other,23
791,2016,11,21,theft,82
792,2016,11,21,vandalism,23
793,2016,11,22,arson,1
794,2016,11,22,assault,12
795,2016,11,22,battery,22
796,2016,11,22,burglary,52
797,2016,11,22,disorderly conduct,5
798,2016,11,22,driving under the influence,10
799,2016,11,22,drug possession,32
800,2016,11,22,drunk in public,8
801,2016,11,22,fraud,6
802,2016,11,22,illegal conceal or carry of weapon,3
803,2016,11,22,"illegal sales, manufacture, or transport",6
804,2016,11,22,motor vehicle theft,46
805,2016,11,22,murder,1
806,2016,11,22,other,33
807,2016,11,22,"sex crimes, not child-related",1
808,2016,11,22,theft,87
809,2016,11,22,vandalism,25
810,2016,11,22,weapon-related crime,1
811,2016,11,23,arson,3
812,2016,11,23,assault,9
813,2016,11,23,battery,15
814,2016,11,23,burglary,46
815,2016,11,23,disorderly conduct,2
816,2016,11,23,driving under the influence,15
817,2016,11,23,drug possession,32
818,2016,11,23,drunk in public,12
819,2016,11,23,fraud,4
820,2016,11,23,illegal conceal or carry of weapon,2
821,2016,11,23,"illegal sales, manufacture, or transport",1
822,2016,11,23,motor vehicle theft,44
823,2016,11,23,other,30
824,2016,11,23,"sex crimes, not child-related",3
825,2016,11,23,theft,73
826,2016,11,23,vandalism,25
827,2016,11,24,assault,9
828,2016,11,24,battery,20
829,2016,11,24,burglary,34
830,2016,11,24,child-related crimes,1
831,2016,11,24,disorderly conduct,5
832,2016,11,24,driving under the influence,11
833,2016,11,24,drug possession,20
834,2016,11,24,drunk in public,16
835,2016,11,24,fraud,3
836,2016,11,24,illegal conceal or carry of weapon,2
837,2016,11,24,motor vehicle theft,35
838,2016,11,24,other,33
839,2016,11,24,"sex crimes, not child-related",1
840,2016,11,24,theft,58
841,2016,11,24,vandalism,18
842,2016,11,25,assault,10
843,2016,11,25,attempted murder,1
844,2016,11,25,battery,10
845,2016,11,25,burglary,56
846,2016,11,25,child-related crimes,1
847,2016,11,25,disorderly conduct,7
848,2016,11,25,driving under the influence,15
849,2016,11,25,drug possession,29
850,2016,11,25,drunk in public,15
851,2016,11,25,fraud,3
852,2016,11,25,illegal conceal or carry of weapon,6
853,2016,11,25,"illegal sales, manufacture, or transport",2
854,2016,11,25,motor vehicle theft,42
855,2016,11,25,other,41
856,2016,11,25,"sex crimes, not child-related",1
857,2016,11,25,theft,78
858,2016,11,25,vandalism,21
859,2016,11,25,weapon-related crime,2
860,2016,11,26,assault,9
861,2016,11,26,battery,17
862,2016,11,26,burglary,47
863,2016,11,26,disorderly conduct,6
864,2016,11,26,driving under the influence,18
865,2016,11,26,drug possession,38
866,2016,11,26,drunk in public,11
867,2016,11,26,fraud,4
868,2016,11,26,illegal conceal or carry of weapon,3
869,2016,11,26,"illegal sales, manufacture, or transport",1
870,2016,11,26,motor vehicle theft,38
871,2016,11,26,other,39
872,2016,11,26,"sex crimes, not child-related",3
873,2016,11,26,theft,73
874,2016,11,26,vandalism,27
875,2016,11,27,assault,5
876,2016,11,27,battery,19
877,2016,11,27,burglary,46
878,2016,11,27,child-related crimes,2
879,2016,11,27,disorderly conduct,8
880,2016,11,27,driving under the influence,11
881,2016,11,27,drug possession,17
882,2016,11,27,drunk in public,7
883,2016,11,27,fraud,4
884,2016,11,27,illegal conceal or carry of weapon,4
885,2016,11,27,"illegal sales, manufacture, or transport",1
886,2016,11,27,motor vehicle theft,38
887,2016,11,27,other,33
888,2016,11,27,"sex crimes, not child-related",3
889,2016,11,27,theft,62
890,2016,11,27,vandalism,22
891,2016,11,27,weapon-related crime,2
892,2016,11,28,arson,1
893,2016,11,28,assault,9
894,2016,11,28,battery,26
895,2016,11,28,burglary,48
896,2016,11,28,child-related crimes,3
897,2016,11,28,disorderly conduct,1
898,2016,11,28,driving under the influence,11
899,2016,11,28,drug possession,29
900,2016,11,28,drunk in public,4
901,2016,11,28,fraud,4
902,2016,11,28,illegal conceal or carry of weapon,2
903,2016,11,28,"illegal sales, manufacture, or transport",1
904,2016,11,28,motor vehicle theft,36
905,2016,11,28,other,26
906,2016,11,28,"sex crimes, not child-related",4
907,2016,11,28,theft,61
908,2016,11,28,vandalism,19
909,2016,11,29,arson,1
910,2016,11,29,assault,7
911,2016,11,29,battery,18
912,2016,11,29,burglary,35
913,2016,11,29,child-related crimes,2
914,2016,11,29,disorderly conduct,4
915,2016,11,29,driving under the influence,6
916,2016,11,29,drug possession,23
917,2016,11,29,drunk in public,11
918,2016,11,29,fraud,5
919,2016,11,29,illegal conceal or carry of weapon,4
920,2016,11,29,"illegal sales, manufacture, or transport",1
921,2016,11,29,motor vehicle theft,36
922,2016,11,29,other,29
923,2016,11,29,"sex crimes, not child-related",2
924,2016,11,29,theft,71
925,2016,11,29,vandalism,21
926,2016,11,29,weapon-related crime,2
927,2016,11,3,assault,13
928,2016,11,3,battery,23
929,2016,11,3,burglary,35
930,2016,11,3,disorderly conduct,5
931,2016,11,3,driving under the influence,13
932,2016,11,3,drug possession,33
933,2016,11,3,drunk in public,12
934,2016,11,3,fraud,6
935,2016,11,3,illegal conceal or carry of weapon,3
936,2016,11,3,"illegal sales, manufacture, or transport",7
937,2016,11,3,motor vehicle theft,35
938,2016,11,3,other,35
939,2016,11,3,"sex crimes, not child-related",1
940,2016,11,3,theft,72
941,2016,11,3,vandalism,26
942,2016,11,3,weapon-related crime,2
943,2016,11,30,assault,10
944,2016,11,30,battery,22
945,2016,11,30,burglary,52
946,2016,11,30,child-related crimes,1
947,2016,11,30,disorderly conduct,6
948,2016,11,30,driving under the influence,15
949,2016,11,30,drug possession,28
950,2016,11,30,drunk in public,9
951,2016,11,30,fraud,2
952,2016,11,30,illegal conceal or carry of weapon,4
953,2016,11,30,"illegal sales, manufacture, or transport",1
954,2016,11,30,motor vehicle theft,34
955,2016,11,30,other,39
956,2016,11,30,"sex crimes, not child-related",1
957,2016,11,30,theft,85
958,2016,11,30,vandalism,18
959,2016,11,4,assault,15
960,2016,11,4,battery,18
961,2016,11,4,burglary,49
962,2016,11,4,child-related crimes,1
963,2016,11,4,disorderly conduct,5
964,2016,11,4,driving under the influence,16
965,2016,11,4,drug possession,45
966,2016,11,4,drunk in public,13
967,2016,11,4,fraud,5
968,2016,11,4,illegal conceal or carry of weapon,4
969,2016,11,4,"illegal sales, manufacture, or transport",2
970,2016,11,4,motor vehicle theft,46
971,2016,11,4,murder,1
972,2016,11,4,other,40
973,2016,11,4,"sex crimes, not child-related",3
974,2016,11,4,theft,83
975,2016,11,4,vandalism,26
976,2016,11,4,weapon-related crime,4
977,2016,11,5,assault,11
978,2016,11,5,battery,29
979,2016,11,5,burglary,55
980,2016,11,5,child-related crimes,2
981,2016,11,5,disorderly conduct,13
982,2016,11,5,driving under the influence,14
983,2016,11,5,drug possession,33
984,2016,11,5,drunk in public,22
985,2016,11,5,fraud,3
986,2016,11,5,illegal conceal or carry of weapon,1
987,2016,11,5,"illegal sales, manufacture, or transport",1
988,2016,11,5,motor vehicle theft,56
989,2016,11,5,other,44
990,2016,11,5,"sex crimes, not child-related",7
991,2016,11,5,theft,70
992,2016,11,5,vandalism,30
993,2016,11,6,arson,1
994,2016,11,6,assault,19
995,2016,11,6,battery,27
996,2016,11,6,burglary,56
997,2016,11,6,disorderly conduct,9
998,2016,11,6,driving under the influence,14
999,2016,11,6,drug possession,36
1000,2016,11,6,drunk in public,13
1001,2016,11,6,fraud,6
1002,2016,11,6,illegal conceal or carry of weapon,3
1003,2016,11,6,motor vehicle theft,25
1004,2016,11,6,other,21
1005,2016,11,6,"sex crimes, not child-related",3
1006,2016,11,6,theft,58
1007,2016,11,6,vandalism,32
1008,2016,11,7,arson,2
1009,2016,11,7,assault,14
1010,2016,11,7,battery,36
1011,2016,11,7,burglary,38
1012,2016,11,7,disorderly conduct,1
1013,2016,11,7,driving under the influence,6
1014,2016,11,7,drug possession,25
1015,2016,11,7,drunk in public,8
1016,2016,11,7,fraud,5
1017,2016,11,7,illegal conceal or carry of weapon,4
1018,2016,11,7,"illegal sales, manufacture, or transport",4
1019,2016,11,7,motor vehicle theft,34
1020,2016,11,7,other,35
1021,2016,11,7,"sex crimes, not child-related",4
1022,2016,11,7,theft,65
1023,2016,11,7,vandalism,26
1024,2016,11,7,weapon-related crime,2
1025,2016,11,8,arson,1
1026,2016,11,8,assault,12
1027,2016,11,8,battery,24
1028,2016,11,8,burglary,46
1029,2016,11,8,child-related crimes,3
1030,2016,11,8,disorderly conduct,5
1031,2016,11,8,driving under the influence,3
1032,2016,11,8,drug possession,35
1033,2016,11,8,drunk in public,7
1034,2016,11,8,fraud,9
1035,2016,11,8,illegal conceal or carry of weapon,2
1036,2016,11,8,"illegal sales, manufacture, or transport",1
1037,2016,11,8,motor vehicle theft,57
1038,2016,11,8,other,31
1039,2016,11,8,"sex crimes, not child-related",5
1040,2016,11,8,theft,60
1041,2016,11,8,vandalism,28
1042,2016,11,8,weapon-related crime,1
1043,2016,11,9,arson,1
1044,2016,11,9,assault,6
1045,2016,11,9,battery,25
1046,2016,11,9,burglary,44
1047,2016,11,9,child-related crimes,2
1048,2016,11,9,disorderly conduct,3
1049,2016,11,9,driving under the influence,6
1050,2016,11,9,drug possession,32
1051,2016,11,9,drunk in public,12
1052,2016,11,9,fraud,8
1053,2016,11,9,"illegal sales, manufacture, or transport",6
1054,2016,11,9,motor vehicle theft,40
1055,2016,11,9,other,33
1056,2016,11,9,"sex crimes, not child-related",5
1057,2016,11,9,theft,79
1058,2016,11,9,vandalism,26
1059,2016,11,9,weapon-related crime,1
1060,2016,12,1,assault,8
1061,2016,12,1,attempted murder,1
1062,2016,12,1,battery,14
1063,2016,12,1,burglary,51
1064,2016,12,1,child-related crimes,7
1065,2016,12,1,disorderly conduct,4
1066,2016,12,1,driving under the influence,8
1067,2016,12,1,drug possession,56
1068,2016,12,1,drunk in public,10
1069,2016,12,1,fraud,12
1070,2016,12,1,illegal conceal or carry of weapon,7
1071,2016,12,1,"illegal sales, manufacture, or transport",4
1072,2016,12,1,motor vehicle theft,38
1073,2016,12,1,other,57
1074,2016,12,1,"sex crimes, not child-related",2
1075,2016,12,1,theft,88
1076,2016,12,1,vandalism,25
1077,2016,12,1,weapon-related crime,3
1078,2016,12,10,arson,1
1079,2016,12,10,assault,5
1080,2016,12,10,attempted murder,1
1081,2016,12,10,battery,22
1082,2016,12,10,burglary,32
1083,2016,12,10,child-related crimes,1
1084,2016,12,10,disorderly conduct,5
1085,2016,12,10,driving under the influence,23
1086,2016,12,10,drug possession,37
1087,2016,12,10,drunk in public,18
1088,2016,12,10,fraud,4
1089,2016,12,10,illegal conceal or carry of weapon,6
1090,2016,12,10,"illegal sales, manufacture, or transport",3
1091,2016,12,10,motor vehicle theft,55
1092,2016,12,10,other,32
1093,2016,12,10,"sex crimes, not child-related",5
1094,2016,12,10,theft,84
1095,2016,12,10,vandalism,17
1096,2016,12,11,assault,17
1097,2016,12,11,battery,26
1098,2016,12,11,burglary,43
1099,2016,12,11,child-related crimes,4
1100,2016,12,11,disorderly conduct,14
1101,2016,12,11,driving under the influence,16
1102,2016,12,11,drug possession,37
1103,2016,12,11,drunk in public,12
1104,2016,12,11,fraud,4
1105,2016,12,11,illegal conceal or carry of weapon,4
1106,2016,12,11,"illegal sales, manufacture, or transport",3
1107,2016,12,11,motor vehicle theft,38
1108,2016,12,11,murder,1
1109,2016,12,11,other,27
1110,2016,12,11,"sex crimes, not child-related",3
1111,2016,12,11,theft,77
1112,2016,12,11,vandalism,22
1113,2016,12,12,arson,3
1114,2016,12,12,assault,14
1115,2016,12,12,attempted murder,2
1116,2016,12,12,battery,25
1117,2016,12,12,burglary,41
1118,2016,12,12,child-related crimes,3
1119,2016,12,12,disorderly conduct,8
1120,2016,12,12,driving under the influence,7
1121,2016,12,12,drug possession,35
1122,2016,12,12,drunk in public,10
1123,2016,12,12,fraud,7
1124,2016,12,12,illegal conceal or carry of weapon,4
1125,2016,12,12,"illegal sales, manufacture, or transport",5
1126,2016,12,12,motor vehicle theft,49
1127,2016,12,12,murder,1
1128,2016,12,12,other,25
1129,2016,12,12,"sex crimes, not child-related",4
1130,2016,12,12,theft,102
1131,2016,12,12,vandalism,21
1132,2016,12,12,weapon-related crime,1
1133,2016,12,13,arson,1
1134,2016,12,13,assault,9
1135,2016,12,13,battery,19
1136,2016,12,13,burglary,39
1137,2016,12,13,disorderly conduct,8
1138,2016,12,13,driving under the influence,10
1139,2016,12,13,drug possession,37
1140,2016,12,13,drunk in public,15
1141,2016,12,13,fraud,8
1142,2016,12,13,illegal conceal or carry of weapon,3
1143,2016,12,13,"illegal sales, manufacture, or transport",2
1144,2016,12,13,motor vehicle theft,39
1145,2016,12,13,other,24
1146,2016,12,13,theft,87
1147,2016,12,13,vandalism,25
1148,2016,12,13,weapon-related crime,3
1149,2016,12,14,arson,1
1150,2016,12,14,assault,6
1151,2016,12,14,battery,14
1152,2016,12,14,burglary,49
1153,2016,12,14,child-related crimes,1
1154,2016,12,14,disorderly conduct,1
1155,2016,12,14,driving under the influence,15
1156,2016,12,14,drug possession,45
1157,2016,12,14,drunk in public,8
1158,2016,12,14,fraud,4
1159,2016,12,14,illegal conceal or carry of weapon,2
1160,2016,12,14,"illegal sales, manufacture, or transport",2
1161,2016,12,14,motor vehicle theft,37
1162,2016,12,14,other,32
1163,2016,12,14,"sex crimes, not child-related",2
1164,2016,12,14,theft,77
1165,2016,12,14,vandalism,17
1166,2016,12,14,weapon-related crime,4
1167,2016,12,15,assault,13
1168,2016,12,15,attempted murder,1
1169,2016,12,15,battery,17
1170,2016,12,15,burglary,52
1171,2016,12,15,child-related crimes,4
1172,2016,12,15,disorderly conduct,5
1173,2016,12,15,driving under the influence,6
1174,2016,12,15,drug possession,41
1175,2016,12,15,drunk in public,7
1176,2016,12,15,fraud,6
1177,2016,12,15,illegal conceal or carry of weapon,4
1178,2016,12,15,"illegal sales, manufacture, or transport",7
1179,2016,12,15,motor vehicle theft,39
1180,2016,12,15,other,43
1181,2016,12,15,"sex crimes, not child-related",5
1182,2016,12,15,theft,78
1183,2016,12,15,vandalism,25
1184,2016,12,15,weapon-related crime,3
1185,2016,12,16,assault,8
1186,2016,12,16,battery,20
1187,2016,12,16,burglary,48
1188,2016,12,16,child-related crimes,5
1189,2016,12,16,disorderly conduct,3
1190,2016,12,16,driving under the influence,21
1191,2016,12,16,drug possession,41
1192,2016,12,16,drunk in public,15
1193,2016,12,16,fraud,7
1194,2016,12,16,illegal conceal or carry of weapon,2
1195,2016,12,16,"illegal sales, manufacture, or transport",2
1196,2016,12,16,motor vehicle theft,50
1197,2016,12,16,other,22
1198,2016,12,16,"sex crimes, not child-related",7
1199,2016,12,16,theft,72
1200,2016,12,16,vandalism,31
1201,2016,12,16,weapon-related crime,2
1202,2016,12,17,arson,1
1203,2016,12,17,assault,9
1204,2016,12,17,attempted murder,1
1205,2016,12,17,battery,22
1206,2016,12,17,burglary,48
1207,2016,12,17,child-related crimes,1
1208,2016,12,17,disorderly conduct,10
1209,2016,12,17,driving under the influence,13
1210,2016,12,17,drug possession,26
1211,2016,12,17,drunk in public,13
1212,2016,12,17,fraud,5
1213,2016,12,17,illegal conceal or carry of weapon,4
1214,2016,12,17,"illegal sales, manufacture, or transport",5
1215,2016,12,17,motor vehicle theft,38
1216,2016,12,17,other,20
1217,2016,12,17,"sex crimes, not child-related",6
1218,2016,12,17,theft,76
1219,2016,12,17,vandalism,32
1220,2016,12,18,assault,14
1221,2016,12,18,battery,20
1222,2016,12,18,burglary,30
1223,2016,12,18,child-related crimes,2
1224,2016,12,18,disorderly conduct,13
1225,2016,12,18,driving under the influence,19
1226,2016,12,18,drug possession,24
1227,2016,12,18,drunk in public,9
1228,2016,12,18,fraud,2
1229,2016,12,18,illegal conceal or carry of weapon,1
1230,2016,12,18,"illegal sales, manufacture, or transport",1
1231,2016,12,18,motor vehicle theft,30
1232,2016,12,18,other,22
1233,2016,12,18,"sex crimes, not child-related",1
1234,2016,12,18,theft,69
1235,2016,12,18,vandalism,22
1236,2016,12,18,weapon-related crime,2
1237,2016,12,19,assault,14
1238,2016,12,19,attempted murder,1
1239,2016,12,19,battery,13
1240,2016,12,19,burglary,38
1241,2016,12,19,child-related crimes,1
1242,2016,12,19,disorderly conduct,5
1243,2016,12,19,driving under the influence,9
1244,2016,12,19,drug possession,18
1245,2016,12,19,drunk in public,3
1246,2016,12,19,fraud,5
1247,2016,12,19,illegal conceal or carry of weapon,1
1248,2016,12,19,"illegal sales, manufacture, or transport",2
1249,2016,12,19,motor vehicle theft,40
1250,2016,12,19,murder,1
1251,2016,12,19,other,30
1252,2016,12,19,theft,66
1253,2016,12,19,vandalism,24
1254,2016,12,2,assault,7
1255,2016,12,2,battery,22
1256,2016,12,2,burglary,50
1257,2016,12,2,child-related crimes,3
1258,2016,12,2,disorderly conduct,7
1259,2016,12,2,driving under the influence,12
1260,2016,12,2,drug possession,44
1261,2016,12,2,drunk in public,12
1262,2016,12,2,fraud,5
1263,2016,12,2,illegal conceal or carry of weapon,7
1264,2016,12,2,"illegal sales, manufacture, or transport",1
1265,2016,12,2,motor vehicle theft,47
1266,2016,12,2,other,40
1267,2016,12,2,"sex crimes, not child-related",5
1268,2016,12,2,theft,79
1269,2016,12,2,vandalism,39
1270,2016,12,2,weapon-related crime,1
1271,2016,12,20,assault,9
1272,2016,12,20,battery,20
1273,2016,12,20,burglary,53
1274,2016,12,20,child-related crimes,2
1275,2016,12,20,disorderly conduct,4
1276,2016,12,20,driving under the influence,7
1277,2016,12,20,drug possession,42
1278,2016,12,20,drunk in public,16
1279,2016,12,20,fraud,5
1280,2016,12,20,illegal conceal or carry of weapon,6
1281,2016,12,20,"illegal sales, manufacture, or transport",3
1282,2016,12,20,motor vehicle theft,41
1283,2016,12,20,other,42
1284,2016,12,20,"sex crimes, not child-related",2
1285,2016,12,20,theft,74
1286,2016,12,20,vandalism,27
1287,2016,12,20,weapon-related crime,2
1288,2016,12,21,assault,10
1289,2016,12,21,battery,7
1290,2016,12,21,burglary,41
1291,2016,12,21,child-related crimes,2
1292,2016,12,21,disorderly conduct,7
1293,2016,12,21,driving under the influence,8
1294,2016,12,21,drug possession,35
1295,2016,12,21,drunk in public,9
1296,2016,12,21,fraud,7
1297,2016,12,21,illegal conceal or carry of weapon,4
1298,2016,12,21,"illegal sales, manufacture, or transport",1
1299,2016,12,21,motor vehicle theft,54
1300,2016,12,21,other,22
1301,2016,12,21,"sex crimes, not child-related",2
1302,2016,12,21,theft,69
1303,2016,12,21,vandalism,21
1304,2016,12,21,weapon-related crime,1
1305,2016,12,22,arson,1
1306,2016,12,22,assault,11
1307,2016,12,22,attempted murder,1
1308,2016,12,22,battery,21
1309,2016,12,22,burglary,44
1310,2016,12,22,child-related crimes,1
1311,2016,12,22,disorderly conduct,8
1312,2016,12,22,driving under the influence,8
1313,2016,12,22,drug possession,23
1314,2016,12,22,drunk in public,19
1315,2016,12,22,fraud,10
1316,2016,12,22,illegal conceal or carry of weapon,7
1317,2016,12,22,"illegal sales, manufacture, or transport",2
1318,2016,12,22,motor vehicle theft,41
1319,2016,12,22,other,32
1320,2016,12,22,"sex crimes, not child-related",4
1321,2016,12,22,theft,69
1322,2016,12,22,vandalism,24
1323,2016,12,22,weapon-related crime,3
1324,2016,12,23,arson,2
1325,2016,12,23,assault,10
1326,2016,12,23,attempted murder,1
1327,2016,12,23,battery,13
1328,2016,12,23,burglary,61
1329,2016,12,23,child-related crimes,3
1330,2016,12,23,disorderly conduct,4
1331,2016,12,23,driving under the influence,15
1332,2016,12,23,drug possession,42
1333,2016,12,23,drunk in public,11
1334,2016,12,23,fraud,3
1335,2016,12,23,illegal conceal or carry of weapon,4
1336,2016,12,23,"illegal sales, manufacture, or transport",2
1337,2016,12,23,motor vehicle theft,50
1338,2016,12,23,other,31
1339,2016,12,23,"sex crimes, not child-related",5
1340,2016,12,23,theft,94
1341,2016,12,23,vandalism,36
1342,2016,12,23,weapon-related crime,1
1343,2016,12,24,arson,1
1344,2016,12,24,assault,5
1345,2016,12,24,battery,16
1346,2016,12,24,burglary,53
1347,2016,12,24,disorderly conduct,6
1348,2016,12,24,driving under the influence,19
1349,2016,12,24,drug possession,12
1350,2016,12,24,drunk in public,10
1351,2016,12,24,fraud,2
1352,2016,12,24,illegal conceal or carry of weapon,3
1353,2016,12,24,"illegal sales, manufacture, or transport",3
1354,2016,12,24,motor vehicle theft,34
1355,2016,12,24,murder,1
1356,2016,12,24,other,25
1357,2016,12,24,"sex crimes, not child-related",5
1358,2016,12,24,theft,68
1359,2016,12,24,vandalism,18
1360,2016,12,25,arson,6
1361,2016,12,25,assault,11
1362,2016,12,25,attempted murder,1
1363,2016,12,25,battery,14
1364,2016,12,25,burglary,43
1365,2016,12,25,child-related crimes,3
1366,2016,12,25,disorderly conduct,11
1367,2016,12,25,driving under the influence,13
1368,2016,12,25,drug possession,17
1369,2016,12,25,drunk in public,8
1370,2016,12,25,fraud,2
1371,2016,12,25,illegal conceal or carry of weapon,2
1372,2016,12,25,"illegal sales, manufacture, or transport",1
1373,2016,12,25,motor vehicle theft,37
1374,2016,12,25,murder,1
1375,2016,12,25,other,24
1376,2016,12,25,"sex crimes, not child-related",4
1377,2016,12,25,theft,42
1378,2016,12,25,vandalism,21
1379,2016,12,26,arson,2
1380,2016,12,26,assault,10
1381,2016,12,26,battery,27
1382,2016,12,26,burglary,43
1383,2016,12,26,child-related crimes,3
1384,2016,12,26,disorderly conduct,10
1385,2016,12,26,driving under the influence,10
1386,2016,12,26,drug possession,28
1387,2016,12,26,drunk in public,9
1388,2016,12,26,fraud,1
1389,2016,12,26,illegal conceal or carry of weapon,6
1390,2016,12,26,"illegal sales, manufacture, or transport",2
1391,2016,12,26,motor vehicle theft,20
1392,2016,12,26,other,27
1393,2016,12,26,"sex crimes, not child-related",6
1394,2016,12,26,theft,65
1395,2016,12,26,vandalism,18
1396,2016,12,26,weapon-related crime,2
1397,2016,12,27,assault,7
1398,2016,12,27,battery,17
1399,2016,12,27,burglary,47
1400,2016,12,27,child-related crimes,3
1401,2016,12,27,disorderly conduct,6
1402,2016,12,27,driving under the influence,7
1403,2016,12,27,drug possession,24
1404,2016,12,27,drunk in public,11
1405,2016,12,27,fraud,6
1406,2016,12,27,illegal conceal or carry of weapon,1
1407,2016,12,27,"illegal sales, manufacture, or transport",2
1408,2016,12,27,motor vehicle theft,41
1409,2016,12,27,other,28
1410,2016,12,27,"sex crimes, not child-related",3
1411,2016,12,27,theft,73
1412,2016,12,27,vandalism,29
1413,2016,12,27,weapon-related crime,1
1414,2016,12,28,arson,1
1415,2016,12,28,assault,6
1416,2016,12,28,battery,20
1417,2016,12,28,burglary,36
1418,2016,12,28,child-related crimes,4
1419,2016,12,28,disorderly conduct,6
1420,2016,12,28,driving under the influence,6
1421,2016,12,28,drug possession,39
1422,2016,12,28,drunk in public,16
1423,2016,12,28,fraud,7
1424,2016,12,28,illegal conceal or carry of weapon,3
1425,2016,12,28,"illegal sales, manufacture, or transport",3
1426,2016,12,28,motor vehicle theft,38
1427,2016,12,28,other,29
1428,2016,12,28,"sex crimes, not child-related",4
1429,2016,12,28,theft,67
1430,2016,12,28,vandalism,23
1431,2016,12,28,weapon-related crime,1
1432,2016,12,29,arson,2
1433,2016,12,29,assault,6
1434,2016,12,29,battery,23
1435,2016,12,29,burglary,38
1436,2016,12,29,disorderly conduct,2
1437,2016,12,29,driving under the influence,6
1438,2016,12,29,drug possession,33
1439,2016,12,29,drunk in public,13
1440,2016,12,29,fraud,9
1441,2016,12,29,illegal conceal or carry of weapon,5
1442,2016,12,29,"illegal sales, manufacture, or transport",2
1443,2016,12,29,motor vehicle theft,42
1444,2016,12,29,other,31
1445,2016,12,29,"sex crimes, not child-related",4
1446,2016,12,29,theft,59
1447,2016,12,29,vandalism,22
1448,2016,12,29,weapon-related crime,4
1449,2016,12,3,assault,14
1450,2016,12,3,attempted murder,1
1451,2016,12,3,battery,16
1452,2016,12,3,burglary,36
1453,2016,12,3,disorderly conduct,7
1454,2016,12,3,driving under the influence,21
1455,2016,12,3,drug possession,38
1456,2016,12,3,drunk in public,17
1457,2016,12,3,fraud,4
1458,2016,12,3,illegal conceal or carry of weapon,4
1459,2016,12,3,motor vehicle theft,40
1460,2016,12,3,murder,2
1461,2016,12,3,other,35
1462,2016,12,3,theft,72
1463,2016,12,3,vandalism,33
1464,2016,12,3,weapon-related crime,4
1465,2016,12,30,arson,1
1466,2016,12,30,assault,7
1467,2016,12,30,attempted murder,1
1468,2016,12,30,battery,19
1469,2016,12,30,burglary,60
1470,2016,12,30,child-related crimes,4
1471,2016,12,30,disorderly conduct,6
1472,2016,12,30,driving under the influence,16
1473,2016,12,30,drug possession,30
1474,2016,12,30,drunk in public,13
1475,2016,12,30,fraud,7
1476,2016,12,30,illegal conceal or carry of weapon,4
1477,2016,12,30,"illegal sales, manufacture, or transport",2
1478,2016,12,30,motor vehicle theft,49
1479,2016,12,30,other,29
1480,2016,12,30,"sex crimes, not child-related",4
1481,2016,12,30,theft,73
1482,2016,12,30,vandalism,34
1483,2016,12,30,weapon-related crime,2
1484,2016,12,31,arson,2
1485,2016,12,31,assault,9
1486,2016,12,31,battery,22
1487,2016,12,31,burglary,41
1488,2016,12,31,child-related crimes,1
1489,2016,12,31,disorderly conduct,8
1490,2016,12,31,driving under the influence,18
1491,2016,12,31,drug possession,22
1492,2016,12,31,drunk in public,16
1493,2016,12,31,fraud,4
1494,2016,12,31,illegal conceal or carry of weapon,1
1495,2016,12,31,"illegal sales, manufacture, or transport",1
1496,2016,12,31,motor vehicle theft,35
1497,2016,12,31,other,24
1498,2016,12,31,"sex crimes, not child-related",3
1499,2016,12,31,theft,62
1500,2016,12,31,vandalism,30
1501,2016,12,4,assault,12
1502,2016,12,4,attempted murder,1
1503,2016,12,4,battery,31
1504,2016,12,4,burglary,43
1505,2016,12,4,child-related crimes,2
1506,2016,12,4,disorderly conduct,8
1507,2016,12,4,driving under the influence,26
1508,2016,12,4,drug possession,24
1509,2016,12,4,drunk in public,13
1510,2016,12,4,fraud,4
1511,2016,12,4,illegal conceal or carry of weapon,6
1512,2016,12,4,motor vehicle theft,26
1513,2016,12,4,murder,1
1514,2016,12,4,other,26
1515,2016,12,4,"sex crimes, not child-related",4
1516,2016,12,4,theft,62
1517,2016,12,4,vandalism,29
1518,2016,12,5,assault,5
1519,2016,12,5,battery,17
1520,2016,12,5,burglary,45
1521,2016,12,5,child-related crimes,2
1522,2016,12,5,disorderly conduct,1
1523,2016,12,5,driving under the influence,8
1524,2016,12,5,drug possession,29
1525,2016,12,5,drunk in public,12
1526,2016,12,5,fraud,8
1527,2016,12,5,illegal conceal or carry of weapon,3
1528,2016,12,5,"illegal sales, manufacture, or transport",1
1529,2016,12,5,motor vehicle theft,39
1530,2016,12,5,murder,1
1531,2016,12,5,other,41
1532,2016,12,5,"sex crimes, not child-related",5
1533,2016,12,5,theft,74
1534,2016,12,5,vandalism,26
1535,2016,12,5,weapon-related crime,3
1536,2016,12,6,assault,10
1537,2016,12,6,attempted murder,1
1538,2016,12,6,battery,29
1539,2016,12,6,burglary,49
1540,2016,12,6,child-related crimes,3
1541,2016,12,6,disorderly conduct,5
1542,2016,12,6,driving under the influence,6
1543,2016,12,6,drug possession,38
1544,2016,12,6,drunk in public,11
1545,2016,12,6,fraud,5
1546,2016,12,6,illegal conceal or carry of weapon,6
1547,2016,12,6,"illegal sales, manufacture, or transport",1
1548,2016,12,6,motor vehicle theft,29
1549,2016,12,6,other,34
1550,2016,12,6,"sex crimes, not child-related",4
1551,2016,12,6,theft,83
1552,2016,12,6,vandalism,23
1553,2016,12,6,weapon-related crime,5
1554,2016,12,7,arson,2
1555,2016,12,7,assault,9
1556,2016,12,7,attempted murder,1
1557,2016,12,7,battery,17
1558,2016,12,7,burglary,41
1559,2016,12,7,child-related crimes,2
1560,2016,12,7,disorderly conduct,7
1561,2016,12,7,driving under the influence,9
1562,2016,12,7,drug possession,42
1563,2016,12,7,drunk in public,14
1564,2016,12,7,fraud,4
1565,2016,12,7,illegal conceal or carry of weapon,3
1566,2016,12,7,"illegal sales, manufacture, or transport",2
1567,2016,12,7,motor vehicle theft,33
1568,2016,12,7,other,33
1569,2016,12,7,"sex crimes, not child-related",11
1570,2016,12,7,theft,74
1571,2016,12,7,vandalism,26
1572,2016,12,7,weapon-related crime,2
1573,2016,12,8,arson,2
1574,2016,12,8,assault,10
1575,2016,12,8,battery,15
1576,2016,12,8,burglary,41
1577,2016,12,8,child-related crimes,3
1578,2016,12,8,disorderly conduct,8
1579,2016,12,8,driving under the influence,7
1580,2016,12,8,drug possession,54
1581,2016,12,8,drunk in public,12
1582,2016,12,8,fraud,10
1583,2016,12,8,illegal conceal or carry of weapon,3
1584,2016,12,8,"illegal sales, manufacture, or transport",6
1585,2016,12,8,motor vehicle theft,35
1586,2016,12,8,other,35
1587,2016,12,8,"sex crimes, not child-related",1
1588,2016,12,8,theft,89
1589,2016,12,8,vandalism,19
1590,2016,12,8,weapon-related crime,2
1591,2016,12,9,assault,12
1592,2016,12,9,attempted murder,3
1593,2016,12,9,battery,19
1594,2016,12,9,burglary,41
1595,2016,12,9,child-related crimes,2
1596,2016,12,9,disorderly conduct,6
1597,2016,12,9,driving under the influence,26
1598,2016,12,9,drug possession,40
1599,2016,12,9,drunk in public,11
1600,2016,12,9,fraud,4
1601,2016,12,9,illegal conceal or carry of weapon,6
1602,2016,12,9,"illegal sales, manufacture, or transport",2
1603,2016,12,9,motor vehicle theft,26
1604,2016,12,9,other,36
1605,2016,12,9,"sex crimes, not child-related",3
1606,2016,12,9,theft,94
1607,2016,12,9,vandalism,23
1608,2016,12,9,weapon-related crime,2
1609,2016,8,12,assault,15
1610,2016,8,12,battery,26
1611,2016,8,12,burglary,76
1612,2016,8,12,child-related crimes,1
1613,2016,8,12,disorderly conduct,1
1614,2016,8,12,driving under the influence,10
1615,2016,8,12,drug possession,46
1616,2016,8,12,drunk in public,15
1617,2016,8,12,fraud,7
1618,2016,8,12,illegal conceal or carry of weapon,5
1619,2016,8,12,"illegal sales, manufacture, or transport",3
1620,2016,8,12,motor vehicle theft,31
1621,2016,8,12,other,56
1622,2016,8,12,"sex crimes, not child-related",6
1623,2016,8,12,theft,97
1624,2016,8,12,vandalism,30
1625,2016,8,12,weapon-related crime,2
1626,2016,8,13,arson,4
1627,2016,8,13,assault,11
1628,2016,8,13,battery,25
1629,2016,8,13,burglary,62
1630,2016,8,13,child-related crimes,2
1631,2016,8,13,disorderly conduct,5
1632,2016,8,13,driving under the influence,28
1633,2016,8,13,drug possession,39
1634,2016,8,13,drunk in public,19
1635,2016,8,13,fraud,5
1636,2016,8,13,illegal conceal or carry of weapon,5
1637,2016,8,13,"illegal sales, manufacture, or transport",4
1638,2016,8,13,motor vehicle theft,43
1639,2016,8,13,other,68
1640,2016,8,13,"sex crimes, not child-related",7
1641,2016,8,13,theft,71
1642,2016,8,13,vandalism,24
1643,2016,8,14,arson,3
1644,2016,8,14,assault,11
1645,2016,8,14,battery,16
1646,2016,8,14,burglary,45
1647,2016,8,14,child-related crimes,1
1648,2016,8,14,disorderly conduct,8
1649,2016,8,14,driving under the influence,13
1650,2016,8,14,drug possession,35
1651,2016,8,14,drunk in public,24
1652,2016,8,14,fraud,4
1653,2016,8,14,illegal conceal or carry of weapon,4
1654,2016,8,14,"illegal sales, manufacture, or transport",3
1655,2016,8,14,motor vehicle theft,36
1656,2016,8,14,other,31
1657,2016,8,14,"sex crimes, not child-related",7
1658,2016,8,14,theft,90
1659,2016,8,14,vandalism,17
1660,2016,8,14,weapon-related crime,2
1661,2016,8,15,assault,9
1662,2016,8,15,battery,19
1663,2016,8,15,burglary,46
1664,2016,8,15,child-related crimes,3
1665,2016,8,15,disorderly conduct,4
1666,2016,8,15,driving under the influence,9
1667,2016,8,15,drug possession,37
1668,2016,8,15,drunk in public,9
1669,2016,8,15,fraud,8
1670,2016,8,15,illegal conceal or carry of weapon,4
1671,2016,8,15,"illegal sales, manufacture, or transport",2
1672,2016,8,15,motor vehicle theft,44
1673,2016,8,15,other,56
1674,2016,8,15,"sex crimes, not child-related",1
1675,2016,8,15,theft,83
1676,2016,8,15,vandalism,28
1677,2016,8,16,assault,13
1678,2016,8,16,battery,16
1679,2016,8,16,burglary,50
1680,2016,8,16,disorderly conduct,5
1681,2016,8,16,driving under the influence,11
1682,2016,8,16,drug possession,50
1683,2016,8,16,drunk in public,12
1684,2016,8,16,fraud,3
1685,2016,8,16,illegal conceal or carry of weapon,3
1686,2016,8,16,"illegal sales, manufacture, or transport",3
1687,2016,8,16,motor vehicle theft,43
1688,2016,8,16,other,61
1689,2016,8,16,"sex crimes, not child-related",4
1690,2016,8,16,theft,61
1691,2016,8,16,vandalism,26
1692,2016,8,16,weapon-related crime,3
1693,2016,8,17,assault,14
1694,2016,8,17,battery,16
1695,2016,8,17,burglary,50
1696,2016,8,17,child-related crimes,5
1697,2016,8,17,disorderly conduct,4
1698,2016,8,17,driving under the influence,7
1699,2016,8,17,drug possession,37
1700,2016,8,17,drunk in public,11
1701,2016,8,17,fraud,3
1702,2016,8,17,illegal conceal or carry of weapon,1
1703,2016,8,17,"illegal sales, manufacture, or transport",2
1704,2016,8,17,motor vehicle theft,41
1705,2016,8,17,other,42
1706,2016,8,17,"sex crimes, not child-related",6
1707,2016,8,17,theft,73
1708,2016,8,17,vandalism,28
1709,2016,8,17,weapon-related crime,5
1710,2016,8,18,assault,7
1711,2016,8,18,battery,14
1712,2016,8,18,burglary,62
1713,2016,8,18,child-related crimes,2
1714,2016,8,18,disorderly conduct,4
1715,2016,8,18,driving under the influence,11
1716,2016,8,18,drug possession,47
1717,2016,8,18,drunk in public,13
1718,2016,8,18,fraud,3
1719,2016,8,18,illegal conceal or carry of weapon,4
1720,2016,8,18,"illegal sales, manufacture, or transport",2
1721,2016,8,18,motor vehicle theft,35
1722,2016,8,18,murder,1
1723,2016,8,18,other,41
1724,2016,8,18,"sex crimes, not child-related",6
1725,2016,8,18,theft,70
1726,2016,8,18,vandalism,38
1727,2016,8,18,weapon-related crime,3
1728,2016,8,19,arson,2
1729,2016,8,19,assault,9
1730,2016,8,19,battery,26
1731,2016,8,19,burglary,62
1732,2016,8,19,child-related crimes,3
1733,2016,8,19,disorderly conduct,4
1734,2016,8,19,driving under the influence,9
1735,2016,8,19,drug possession,54
1736,2016,8,19,drunk in public,11
1737,2016,8,19,fraud,5
1738,2016,8,19,illegal conceal or carry of weapon,6
1739,2016,8,19,"illegal sales, manufacture, or transport",6
1740,2016,8,19,motor vehicle theft,49
1741,2016,8,19,other,45
1742,2016,8,19,"sex crimes, not child-related",2
1743,2016,8,19,theft,77
1744,2016,8,19,vandalism,31
1745,2016,8,19,weapon-related crime,2
1746,2016,8,20,arson,1
1747,2016,8,20,assault,11
1748,2016,8,20,battery,31
1749,2016,8,20,burglary,38
1750,2016,8,20,disorderly conduct,10
1751,2016,8,20,driving under the influence,23
1752,2016,8,20,drug possession,27
1753,2016,8,20,drunk in public,20
1754,2016,8,20,fraud,1
1755,2016,8,20,illegal conceal or carry of weapon,3
1756,2016,8,20,"illegal sales, manufacture, or transport",1
1757,2016,8,20,motor vehicle theft,39
1758,2016,8,20,murder,1
1759,2016,8,20,other,43
1760,2016,8,20,"sex crimes, not child-related",12
1761,2016,8,20,theft,75
1762,2016,8,20,vandalism,30
1763,2016,8,20,weapon-related crime,1
1764,2016,8,21,arson,3
1765,2016,8,21,assault,11
1766,2016,8,21,attempted murder,1
1767,2016,8,21,battery,21
1768,2016,8,21,burglary,52
1769,2016,8,21,child-related crimes,1
1770,2016,8,21,disorderly conduct,4
1771,2016,8,21,driving under the influence,23
1772,2016,8,21,drug possession,33
1773,2016,8,21,drunk in public,19
1774,2016,8,21,fraud,5
1775,2016,8,21,illegal conceal or carry of weapon,3
1776,2016,8,21,motor vehicle theft,44
1777,2016,8,21,other,46
1778,2016,8,21,"sex crimes, not child-related",8
1779,2016,8,21,theft,73
1780,2016,8,21,vandalism,39
1781,2016,8,21,weapon-related crime,1
1782,2016,8,22,assault,11
1783,2016,8,22,battery,21
1784,2016,8,22,burglary,57
1785,2016,8,22,child-related crimes,3
1786,2016,8,22,disorderly conduct,10
1787,2016,8,22,driving under the influence,9
1788,2016,8,22,drug possession,34
1789,2016,8,22,drunk in public,14
1790,2016,8,22,fraud,4
1791,2016,8,22,illegal conceal or carry of weapon,3
1792,2016,8,22,"illegal sales, manufacture, or transport",2
1793,2016,8,22,motor vehicle theft,58
1794,2016,8,22,other,47
1795,2016,8,22,"sex crimes, not child-related",4
1796,2016,8,22,theft,86
1797,2016,8,22,vandalism,32
1798,2016,8,22,weapon-related crime,3
1799,2016,8,23,arson,1
1800,2016,8,23,assault,6
1801,2016,8,23,battery,20
1802,2016,8,23,burglary,35
1803,2016,8,23,child-related crimes,3
1804,2016,8,23,disorderly conduct,7
1805,2016,8,23,driving under the influence,5
1806,2016,8,23,drug possession,37
1807,2016,8,23,drunk in public,13
1808,2016,8,23,fraud,12
1809,2016,8,23,illegal conceal or carry of weapon,3
1810,2016,8,23,"illegal sales, manufacture, or transport",5
1811,2016,8,23,motor vehicle theft,51
1812,2016,8,23,other,46
1813,2016,8,23,"sex crimes, not child-related",4
1814,2016,8,23,theft,75
1815,2016,8,23,vandalism,23
1816,2016,8,23,weapon-related crime,1
1817,2016,8,24,arson,2
1818,2016,8,24,assault,8
1819,2016,8,24,battery,26
1820,2016,8,24,burglary,61
1821,2016,8,24,child-related crimes,3
1822,2016,8,24,disorderly conduct,9
1823,2016,8,24,driving under the influence,8
1824,2016,8,24,drug possession,47
1825,2016,8,24,drunk in public,15
1826,2016,8,24,fraud,6
1827,2016,8,24,illegal conceal or carry of weapon,3
1828,2016,8,24,"illegal sales, manufacture, or transport",5
1829,2016,8,24,motor vehicle theft,51
1830,2016,8,24,other,48
1831,2016,8,24,"sex crimes, not child-related",3
1832,2016,8,24,theft,63
1833,2016,8,24,vandalism,24
1834,2016,8,25,assault,8
1835,2016,8,25,battery,16
1836,2016,8,25,burglary,51
1837,2016,8,25,child-related crimes,5
1838,2016,8,25,disorderly conduct,4
1839,2016,8,25,driving under the influence,11
1840,2016,8,25,drug possession,42
1841,2016,8,25,drunk in public,12
1842,2016,8,25,fraud,1
1843,2016,8,25,illegal conceal or carry of weapon,3
1844,2016,8,25,"illegal sales, manufacture, or transport",6
1845,2016,8,25,motor vehicle theft,45
1846,2016,8,25,other,56
1847,2016,8,25,"sex crimes, not child-related",6
1848,2016,8,25,theft,66
1849,2016,8,25,vandalism,17
1850,2016,8,25,weapon-related crime,3
1851,2016,8,26,assault,13
1852,2016,8,26,battery,35
1853,2016,8,26,burglary,48
1854,2016,8,26,child-related crimes,5
1855,2016,8,26,disorderly conduct,9
1856,2016,8,26,driving under the influence,12
1857,2016,8,26,drug possession,42
1858,2016,8,26,drunk in public,17
1859,2016,8,26,fraud,5
1860,2016,8,26,illegal conceal or carry of weapon,3
1861,2016,8,26,"illegal sales, manufacture, or transport",5
1862,2016,8,26,motor vehicle theft,55
1863,2016,8,26,murder,1
1864,2016,8,26,other,53
1865,2016,8,26,"sex crimes, not child-related",4
1866,2016,8,26,theft,87
1867,2016,8,26,vandalism,25
1868,2016,8,27,assault,13
1869,2016,8,27,battery,20
1870,2016,8,27,burglary,59
1871,2016,8,27,child-related crimes,3
1872,2016,8,27,disorderly conduct,7
1873,2016,8,27,driving under the influence,34
1874,2016,8,27,drug possession,37
1875,2016,8,27,drunk in public,19
1876,2016,8,27,fraud,6
1877,2016,8,27,illegal conceal or carry of weapon,5
1878,2016,8,27,"illegal sales, manufacture, or transport",3
1879,2016,8,27,motor vehicle theft,40
1880,2016,8,27,other,55
1881,2016,8,27,"sex crimes, not child-related",8
1882,2016,8,27,theft,77
1883,2016,8,27,vandalism,27
1884,2016,8,27,weapon-related crime,2
1885,2016,8,28,arson,2
1886,2016,8,28,assault,12
1887,2016,8,28,battery,27
1888,2016,8,28,burglary,54
1889,2016,8,28,child-related crimes,1
1890,2016,8,28,disorderly conduct,6
1891,2016,8,28,driving under the influence,18
1892,2016,8,28,drug possession,19
1893,2016,8,28,drunk in public,12
1894,2016,8,28,fraud,5
1895,2016,8,28,illegal conceal or carry of weapon,6
1896,2016,8,28,"illegal sales, manufacture, or transport",2
1897,2016,8,28,motor vehicle theft,42
1898,2016,8,28,other,42
1899,2016,8,28,"sex crimes, not child-related",2
1900,2016,8,28,theft,80
1901,2016,8,28,vandalism,26
1902,2016,8,29,arson,1
1903,2016,8,29,assault,10
1904,2016,8,29,battery,24
1905,2016,8,29,burglary,46
1906,2016,8,29,child-related crimes,3
1907,2016,8,29,disorderly conduct,4
1908,2016,8,29,driving under the influence,10
1909,2016,8,29,drug possession,41
1910,2016,8,29,drunk in public,8
1911,2016,8,29,fraud,3
1912,2016,8,29,illegal conceal or carry of weapon,1
1913,2016,8,29,"illegal sales, manufacture, or transport",5
1914,2016,8,29,motor vehicle theft,39
1915,2016,8,29,other,42
1916,2016,8,29,"sex crimes, not child-related",4
1917,2016,8,29,theft,74
1918,2016,8,29,vandalism,26
1919,2016,8,29,weapon-related crime,1
1920,2016,8,30,arson,1
1921,2016,8,30,assault,9
1922,2016,8,30,battery,25
1923,2016,8,30,burglary,49
1924,2016,8,30,child-related crimes,3
1925,2016,8,30,disorderly conduct,3
1926,2016,8,30,driving under the influence,9
1927,2016,8,30,drug possession,36
1928,2016,8,30,drunk in public,14
1929,2016,8,30,fraud,4
1930,2016,8,30,illegal conceal or carry of weapon,3
1931,2016,8,30,"illegal sales, manufacture, or transport",3
1932,2016,8,30,motor vehicle theft,57
1933,2016,8,30,other,32
1934,2016,8,30,"sex crimes, not child-related",4
1935,2016,8,30,theft,84
1936,2016,8,30,vandalism,34
1937,2016,8,30,weapon-related crime,4
1938,2016,8,31,arson,2
1939,2016,8,31,assault,7
1940,2016,8,31,battery,27
1941,2016,8,31,burglary,45
1942,2016,8,31,child-related crimes,4
1943,2016,8,31,disorderly conduct,6
1944,2016,8,31,driving under the influence,7
1945,2016,8,31,drug possession,42
1946,2016,8,31,drunk in public,9
1947,2016,8,31,fraud,4
1948,2016,8,31,illegal conceal or carry of weapon,2
1949,2016,8,31,"illegal sales, manufacture, or transport",4
1950,2016,8,31,motor vehicle theft,41
1951,2016,8,31,other,44
1952,2016,8,31,"sex crimes, not child-related",5
1953,2016,8,31,theft,73
1954,2016,8,31,vandalism,18
1955,2016,8,31,weapon-related crime,3
1956,2016,9,1,assault,17
1957,2016,9,1,battery,28
1958,2016,9,1,burglary,47
1959,2016,9,1,child-related crimes,3
1960,2016,9,1,disorderly conduct,7
1961,2016,9,1,driving under the influence,9
1962,2016,9,1,drug possession,44
1963,2016,9,1,drunk in public,17
1964,2016,9,1,fraud,9
1965,2016,9,1,illegal conceal or carry of weapon,7
1966,2016,9,1,"illegal sales, manufacture, or transport",5
1967,2016,9,1,motor vehicle theft,53
1968,2016,9,1,other,58
1969,2016,9,1,"sex crimes, not child-related",7
1970,2016,9,1,theft,87
1971,2016,9,1,vandalism,20
1972,2016,9,10,arson,1
1973,2016,9,10,assault,10
1974,2016,9,10,battery,30
1975,2016,9,10,burglary,40
1976,2016,9,10,child-related crimes,4
1977,2016,9,10,disorderly conduct,8
1978,2016,9,10,driving under the influence,24
1979,2016,9,10,drug possession,40
1980,2016,9,10,drunk in public,23
1981,2016,9,10,fraud,5
1982,2016,9,10,illegal conceal or carry of weapon,4
1983,2016,9,10,"illegal sales, manufacture, or transport",5
1984,2016,9,10,motor vehicle theft,42
1985,2016,9,10,other,33
1986,2016,9,10,"sex crimes, not child-related",3
1987,2016,9,10,theft,86
1988,2016,9,10,vandalism,26
1989,2016,9,10,weapon-related crime,4
1990,2016,9,11,arson,1
1991,2016,9,11,assault,14
1992,2016,9,11,battery,33
1993,2016,9,11,burglary,39
1994,2016,9,11,disorderly conduct,11
1995,2016,9,11,driving under the influence,23
1996,2016,9,11,drug possession,37
1997,2016,9,11,drunk in public,18
1998,2016,9,11,fraud,2
1999,2016,9,11,illegal conceal or carry of weapon,5
2000,2016,9,11,"illegal sales, manufacture, or transport",3
2001,2016,9,11,motor vehicle theft,35
2002,2016,9,11,other,33
2003,2016,9,11,"sex crimes, not child-related",2
2004,2016,9,11,theft,69
2005,2016,9,11,vandalism,30
2006,2016,9,11,weapon-related crime,1
2007,2016,9,12,arson,1
2008,2016,9,12,assault,5
2009,2016,9,12,battery,19
2010,2016,9,12,burglary,44
2011,2016,9,12,child-related crimes,4
2012,2016,9,12,disorderly conduct,2
2013,2016,9,12,driving under the influence,14
2014,2016,9,12,drug possession,40
2015,2016,9,12,drunk in public,14
2016,2016,9,12,fraud,6
2017,2016,9,12,illegal conceal or carry of weapon,3
2018,2016,9,12,"illegal sales, manufacture, or transport",2
2019,2016,9,12,motor vehicle theft,43
2020,2016,9,12,other,51
2021,2016,9,12,"sex crimes, not child-related",7
2022,2016,9,12,theft,94
2023,2016,9,12,vandalism,24
2024,2016,9,12,weapon-related crime,1
2025,2016,9,13,assault,6
2026,2016,9,13,battery,12
2027,2016,9,13,burglary,33
2028,2016,9,13,child-related crimes,1
2029,2016,9,13,disorderly conduct,7
2030,2016,9,13,driving under the influence,8
2031,2016,9,13,drug possession,32
2032,2016,9,13,drunk in public,15
2033,2016,9,13,fraud,7
2034,2016,9,13,illegal conceal or carry of weapon,2
2035,2016,9,13,motor vehicle theft,39
2036,2016,9,13,other,29
2037,2016,9,13,"sex crimes, not child-related",6
2038,2016,9,13,theft,88
2039,2016,9,13,vandalism,22
2040,2016,9,14,assault,9
2041,2016,9,14,battery,20
2042,2016,9,14,burglary,35
2043,2016,9,14,child-related crimes,3
2044,2016,9,14,disorderly conduct,5
2045,2016,9,14,driving under the influence,6
2046,2016,9,14,drug possession,48
2047,2016,9,14,drunk in public,13
2048,2016,9,14,fraud,6
2049,2016,9,14,illegal conceal or carry of weapon,3
2050,2016,9,14,"illegal sales, manufacture, or transport",1
2051,2016,9,14,motor vehicle theft,50
2052,2016,9,14,other,43
2053,2016,9,14,"sex crimes, not child-related",3
2054,2016,9,14,theft,73
2055,2016,9,14,vandalism,23
2056,2016,9,14,weapon-related crime,2
2057,2016,9,15,arson,4
2058,2016,9,15,assault,8
2059,2016,9,15,battery,22
2060,2016,9,15,burglary,38
2061,2016,9,15,child-related crimes,2
2062,2016,9,15,disorderly conduct,3
2063,2016,9,15,driving under the influence,12
2064,2016,9,15,drug possession,52
2065,2016,9,15,drunk in public,14
2066,2016,9,15,fraud,5
2067,2016,9,15,illegal conceal or carry of weapon,7
2068,2016,9,15,"illegal sales, manufacture, or transport",4
2069,2016,9,15,motor vehicle theft,37
2070,2016,9,15,other,51
2071,2016,9,15,"sex crimes, not child-related",6
2072,2016,9,15,theft,82
2073,2016,9,15,vandalism,21
2074,2016,9,15,weapon-related crime,4
2075,2016,9,16,assault,9
2076,2016,9,16,battery,27
2077,2016,9,16,burglary,54
2078,2016,9,16,child-related crimes,1
2079,2016,9,16,disorderly conduct,9
2080,2016,9,16,driving under the influence,11
2081,2016,9,16,drug possession,35
2082,2016,9,16,drunk in public,14
2083,2016,9,16,fraud,5
2084,2016,9,16,illegal conceal or carry of weapon,5
2085,2016,9,16,"illegal sales, manufacture, or transport",6
2086,2016,9,16,motor vehicle theft,55
2087,2016,9,16,murder,1
2088,2016,9,16,other,46
2089,2016,9,16,"sex crimes, not child-related",7
2090,2016,9,16,theft,104
2091,2016,9,16,vandalism,24
2092,2016,9,16,weapon-related crime,4
2093,2016,9,17,arson,1
2094,2016,9,17,assault,8
2095,2016,9,17,battery,32
2096,2016,9,17,burglary,39
2097,2016,9,17,child-related crimes,1
2098,2016,9,17,disorderly conduct,12
2099,2016,9,17,driving under the influence,33
2100,2016,9,17,drug possession,43
2101,2016,9,17,drunk in public,16
2102,2016,9,17,fraud,1
2103,2016,9,17,illegal conceal or carry of weapon,4
2104,2016,9,17,motor vehicle theft,42
2105,2016,9,17,other,40
2106,2016,9,17,"sex crimes, not child-related",11
2107,2016,9,17,theft,95
2108,2016,9,17,vandalism,22
2109,2016,9,17,weapon-related crime,2
2110,2016,9,18,assault,10
2111,2016,9,18,battery,29
2112,2016,9,18,burglary,58
2113,2016,9,18,child-related crimes,2
2114,2016,9,18,disorderly conduct,15
2115,2016,9,18,driving under the influence,23
2116,2016,9,18,drug possession,25
2117,2016,9,18,drunk in public,21
2118,2016,9,18,fraud,2
2119,2016,9,18,illegal conceal or carry of weapon,3
2120,2016,9,18,"illegal sales, manufacture, or transport",3
2121,2016,9,18,motor vehicle theft,43
2122,2016,9,18,other,31
2123,2016,9,18,"sex crimes, not child-related",4
2124,2016,9,18,theft,82
2125,2016,9,18,vandalism,22
2126,2016,9,19,assault,13
2127,2016,9,19,battery,27
2128,2016,9,19,burglary,56
2129,2016,9,19,child-related crimes,3
2130,2016,9,19,disorderly conduct,9
2131,2016,9,19,driving under the influence,12
2132,2016,9,19,drug possession,31
2133,2016,9,19,drunk in public,11
2134,2016,9,19,fraud,4
2135,2016,9,19,illegal conceal or carry of weapon,2
2136,2016,9,19,motor vehicle theft,39
2137,2016,9,19,other,35
2138,2016,9,19,"sex crimes, not child-related",5
2139,2016,9,19,theft,88
2140,2016,9,19,vandalism,12
2141,2016,9,19,weapon-related crime,1
2142,2016,9,2,arson,1
2143,2016,9,2,assault,14
2144,2016,9,2,battery,23
2145,2016,9,2,burglary,61
2146,2016,9,2,child-related crimes,3
2147,2016,9,2,disorderly conduct,5
2148,2016,9,2,driving under the influence,21
2149,2016,9,2,drug possession,50
2150,2016,9,2,drunk in public,16
2151,2016,9,2,fraud,7
2152,2016,9,2,illegal conceal or carry of weapon,4
2153,2016,9,2,"illegal sales, manufacture, or transport",2
2154,2016,9,2,motor vehicle theft,57
2155,2016,9,2,other,51
2156,2016,9,2,"sex crimes, not child-related",9
2157,2016,9,2,theft,101
2158,2016,9,2,vandalism,35
2159,2016,9,2,weapon-related crime,3
2160,2016,9,20,arson,1
2161,2016,9,20,assault,4
2162,2016,9,20,battery,19
2163,2016,9,20,burglary,59
2164,2016,9,20,child-related crimes,1
2165,2016,9,20,disorderly conduct,4
2166,2016,9,20,driving under the influence,9
2167,2016,9,20,drug possession,25
2168,2016,9,20,drunk in public,8
2169,2016,9,20,fraud,5
2170,2016,9,20,illegal conceal or carry of weapon,2
2171,2016,9,20,"illegal sales, manufacture, or transport",3
2172,2016,9,20,motor vehicle theft,54
2173,2016,9,20,other,23
2174,2016,9,20,"sex crimes, not child-related",3
2175,2016,9,20,theft,89
2176,2016,9,20,vandalism,37
2177,2016,9,20,weapon-related crime,2
2178,2016,9,21,assault,12
2179,2016,9,21,battery,23
2180,2016,9,21,burglary,54
2181,2016,9,21,child-related crimes,2
2182,2016,9,21,disorderly conduct,7
2183,2016,9,21,driving under the influence,12
2184,2016,9,21,drug possession,42
2185,2016,9,21,drunk in public,17
2186,2016,9,21,fraud,6
2187,2016,9,21,illegal conceal or carry of weapon,1
2188,2016,9,21,motor vehicle theft,47
2189,2016,9,21,murder,1
2190,2016,9,21,other,40
2191,2016,9,21,"sex crimes, not child-related",5
2192,2016,9,21,theft,66
2193,2016,9,21,vandalism,25
2194,2016,9,21,weapon-related crime,1
2195,2016,9,22,arson,1
2196,2016,9,22,assault,10
2197,2016,9,22,battery,29
2198,2016,9,22,burglary,47
2199,2016,9,22,disorderly conduct,11
2200,2016,9,22,driving under the influence,7
2201,2016,9,22,drug possession,47
2202,2016,9,22,drunk in public,15
2203,2016,9,22,fraud,4
2204,2016,9,22,illegal conceal or carry of weapon,1
2205,2016,9,22,"illegal sales, manufacture, or transport",3
2206,2016,9,22,motor vehicle theft,48
2207,2016,9,22,other,47
2208,2016,9,22,"sex crimes, not child-related",4
2209,2016,9,22,theft,83
2210,2016,9,22,vandalism,30
2211,2016,9,22,weapon-related crime,2
2212,2016,9,23,assault,11
2213,2016,9,23,battery,23
2214,2016,9,23,burglary,60
2215,2016,9,23,child-related crimes,1
2216,2016,9,23,disorderly conduct,10
2217,2016,9,23,driving under the influence,13
2218,2016,9,23,drug possession,51
2219,2016,9,23,drunk in public,14
2220,2016,9,23,fraud,8
2221,2016,9,23,illegal conceal or carry of weapon,2
2222,2016,9,23,"illegal sales, manufacture, or transport",2
2223,2016,9,23,motor vehicle theft,50
2224,2016,9,23,other,44
2225,2016,9,23,"sex crimes, not child-related",7
2226,2016,9,23,theft,101
2227,2016,9,23,vandalism,27
2228,2016,9,23,weapon-related crime,2
2229,2016,9,24,arson,1
2230,2016,9,24,assault,7
2231,2016,9,24,battery,38
2232,2016,9,24,burglary,57
2233,2016,9,24,disorderly conduct,10
2234,2016,9,24,driving under the influence,27
2235,2016,9,24,drug possession,20
2236,2016,9,24,drunk in public,16
2237,2016,9,24,fraud,1
2238,2016,9,24,illegal conceal or carry of weapon,3
2239,2016,9,24,motor vehicle theft,47
2240,2016,9,24,murder,1
2241,2016,9,24,other,40
2242,2016,9,24,"sex crimes, not child-related",4
2243,2016,9,24,theft,84
2244,2016,9,24,vandalism,31
2245,2016,9,24,weapon-related crime,2
2246,2016,9,25,arson,2
2247,2016,9,25,assault,13
2248,2016,9,25,battery,29
2249,2016,9,25,burglary,28
2250,2016,9,25,disorderly conduct,12
2251,2016,9,25,driving under the influence,19
2252,2016,9,25,drug possession,21
2253,2016,9,25,drunk in public,17
2254,2016,9,25,fraud,5
2255,2016,9,25,illegal conceal or carry of weapon,5
2256,2016,9,25,motor vehicle theft,51
2257,2016,9,25,other,25
2258,2016,9,25,"sex crimes, not child-related",4
2259,2016,9,25,theft,71
2260,2016,9,25,vandalism,24
2261,2016,9,26,assault,5
2262,2016,9,26,battery,23
2263,2016,9,26,burglary,54
2264,2016,9,26,child-related crimes,3
2265,2016,9,26,disorderly conduct,9
2266,2016,9,26,driving under the influence,11
2267,2016,9,26,drug possession,29
2268,2016,9,26,drunk in public,11
2269,2016,9,26,fraud,7
2270,2016,9,26,illegal conceal or carry of weapon,2
2271,2016,9,26,"illegal sales, manufacture, or transport",2
2272,2016,9,26,motor vehicle theft,46
2273,2016,9,26,other,27
2274,2016,9,26,"sex crimes, not child-related",8
2275,2016,9,26,theft,69
2276,2016,9,26,vandalism,31
2277,2016,9,26,weapon-related crime,1
2278,2016,9,27,arson,1
2279,2016,9,27,assault,16
2280,2016,9,27,attempted murder,1
2281,2016,9,27,battery,28
2282,2016,9,27,burglary,53
2283,2016,9,27,child-related crimes,1
2284,2016,9,27,disorderly conduct,6
2285,2016,9,27,driving under the influence,10
2286,2016,9,27,drug possession,44
2287,2016,9,27,drunk in public,14
2288,2016,9,27,fraud,5
2289,2016,9,27,illegal conceal or carry of weapon,2
2290,2016,9,27,"illegal sales, manufacture, or transport",1
2291,2016,9,27,motor vehicle theft,36
2292,2016,9,27,other,34
2293,2016,9,27,"sex crimes, not child-related",1
2294,2016,9,27,theft,77
2295,2016,9,27,vandalism,19
2296,2016,9,27,weapon-related crime,2
2297,2016,9,28,arson,1
2298,2016,9,28,assault,13
2299,2016,9,28,battery,22
2300,2016,9,28,burglary,35
2301,2016,9,28,child-related crimes,2
2302,2016,9,28,disorderly conduct,4
2303,2016,9,28,driving under the influence,9
2304,2016,9,28,drug possession,33
2305,2016,9,28,drunk in public,10
2306,2016,9,28,fraud,5
2307,2016,9,28,illegal conceal or carry of weapon,7
2308,2016,9,28,"illegal sales, manufacture, or transport",3
2309,2016,9,28,motor vehicle theft,38
2310,2016,9,28,other,31
2311,2016,9,28,"sex crimes, not child-related",3
2312,2016,9,28,theft,70
2313,2016,9,28,vandalism,20
2314,2016,9,28,weapon-related crime,1
2315,2016,9,29,arson,2
2316,2016,9,29,assault,14
2317,2016,9,29,battery,26
2318,2016,9,29,burglary,40
2319,2016,9,29,child-related crimes,4
2320,2016,9,29,disorderly conduct,3
2321,2016,9,29,driving under the influence,10
2322,2016,9,29,drug possession,18
2323,2016,9,29,drunk in public,9
2324,2016,9,29,fraud,5
2325,2016,9,29,illegal conceal or carry of weapon,4
2326,2016,9,29,"illegal sales, manufacture, or transport",2
2327,2016,9,29,motor vehicle theft,26
2328,2016,9,29,other,30
2329,2016,9,29,"sex crimes, not child-related",5
2330,2016,9,29,theft,63
2331,2016,9,29,vandalism,29
2332,2016,9,29,weapon-related crime,1
2333,2016,9,3,arson,1
2334,2016,9,3,assault,12
2335,2016,9,3,battery,28
2336,2016,9,3,burglary,58
2337,2016,9,3,child-related crimes,1
2338,2016,9,3,disorderly conduct,14
2339,2016,9,3,driving under the influence,17
2340,2016,9,3,drug possession,36
2341,2016,9,3,drunk in public,9
2342,2016,9,3,fraud,4
2343,2016,9,3,illegal conceal or carry of weapon,4
2344,2016,9,3,"illegal sales, manufacture, or transport",1
2345,2016,9,3,motor vehicle theft,40
2346,2016,9,3,murder,1
2347,2016,9,3,other,58
2348,2016,9,3,"sex crimes, not child-related",4
2349,2016,9,3,theft,85
2350,2016,9,3,vandalism,25
2351,2016,9,3,weapon-related crime,3
2352,2016,9,30,assault,10
2353,2016,9,30,battery,21
2354,2016,9,30,burglary,55
2355,2016,9,30,child-related crimes,3
2356,2016,9,30,disorderly conduct,10
2357,2016,9,30,driving under the influence,10
2358,2016,9,30,drug possession,38
2359,2016,9,30,drunk in public,15
2360,2016,9,30,fraud,9
2361,2016,9,30,illegal conceal or carry of weapon,5
2362,2016,9,30,"illegal sales, manufacture, or transport",1
2363,2016,9,30,motor vehicle theft,41
2364,2016,9,30,other,34
2365,2016,9,30,"sex crimes, not child-related",5
2366,2016,9,30,theft,71
2367,2016,9,30,vandalism,30
2368,2016,9,30,weapon-related crime,4
2369,2016,9,4,assault,11
2370,2016,9,4,attempted murder,1
2371,2016,9,4,battery,21
2372,2016,9,4,burglary,43
2373,2016,9,4,child-related crimes,2
2374,2016,9,4,disorderly conduct,14
2375,2016,9,4,driving under the influence,17
2376,2016,9,4,drug possession,38
2377,2016,9,4,drunk in public,8
2378,2016,9,4,fraud,3
2379,2016,9,4,illegal conceal or carry of weapon,4
2380,2016,9,4,"illegal sales, manufacture, or transport",2
2381,2016,9,4,motor vehicle theft,45
2382,2016,9,4,other,61
2383,2016,9,4,"sex crimes, not child-related",6
2384,2016,9,4,theft,71
2385,2016,9,4,vandalism,25
2386,2016,9,4,weapon-related crime,1
2387,2016,9,5,arson,2
2388,2016,9,5,assault,14
2389,2016,9,5,battery,23
2390,2016,9,5,burglary,44
2391,2016,9,5,child-related crimes,3
2392,2016,9,5,disorderly conduct,9
2393,2016,9,5,driving under the influence,8
2394,2016,9,5,drug possession,42
2395,2016,9,5,drunk in public,24
2396,2016,9,5,fraud,4
2397,2016,9,5,illegal conceal or carry of weapon,5
2398,2016,9,5,"illegal sales, manufacture, or transport",1
2399,2016,9,5,motor vehicle theft,40
2400,2016,9,5,other,78
2401,2016,9,5,"sex crimes, not child-related",4
2402,2016,9,5,theft,84
2403,2016,9,5,vandalism,18
2404,2016,9,6,assault,4
2405,2016,9,6,battery,15
2406,2016,9,6,burglary,50
2407,2016,9,6,child-related crimes,1
2408,2016,9,6,disorderly conduct,6
2409,2016,9,6,driving under the influence,10
2410,2016,9,6,drug possession,43
2411,2016,9,6,drunk in public,8
2412,2016,9,6,fraud,3
2413,2016,9,6,illegal conceal or carry of weapon,5
2414,2016,9,6,"illegal sales, manufacture, or transport",3
2415,2016,9,6,motor vehicle theft,47
2416,2016,9,6,other,44
2417,2016,9,6,"sex crimes, not child-related",3
2418,2016,9,6,theft,73
2419,2016,9,6,vandalism,25
2420,2016,9,6,weapon-related crime,1
2421,2016,9,7,assault,10
2422,2016,9,7,battery,14
2423,2016,9,7,burglary,67
2424,2016,9,7,child-related crimes,3
2425,2016,9,7,disorderly conduct,7
2426,2016,9,7,driving under the influence,10
2427,2016,9,7,drug possession,60
2428,2016,9,7,drunk in public,15
2429,2016,9,7,fraud,4
2430,2016,9,7,illegal conceal or carry of weapon,4
2431,2016,9,7,"illegal sales, manufacture, or transport",2
2432,2016,9,7,motor vehicle theft,41
2433,2016,9,7,other,40
2434,2016,9,7,"sex crimes, not child-related",4
2435,2016,9,7,theft,93
2436,2016,9,7,vandalism,27
2437,2016,9,7,weapon-related crime,1
2438,2016,9,8,arson,3
2439,2016,9,8,assault,14
2440,2016,9,8,battery,17
2441,2016,9,8,burglary,52
2442,2016,9,8,child-related crimes,3
2443,2016,9,8,disorderly conduct,11
2444,2016,9,8,driving under the influence,11
2445,2016,9,8,drug possession,42
2446,2016,9,8,drunk in public,19
2447,2016,9,8,fraud,6
2448,2016,9,8,illegal conceal or carry of weapon,2
2449,2016,9,8,"illegal sales, manufacture, or transport",2
2450,2016,9,8,motor vehicle theft,37
2451,2016,9,8,other,43
2452,2016,9,8,"sex crimes, not child-related",3
2453,2016,9,8,theft,72
2454,2016,9,8,vandalism,28
2455,2016,9,8,weapon-related crime,2
2456,2016,9,9,assault,8
2457,2016,9,9,battery,28
2458,2016,9,9,burglary,38
2459,2016,9,9,child-related crimes,2
2460,2016,9,9,disorderly conduct,3
2461,2016,9,9,driving under the influence,12
2462,2016,9,9,drug possession,51
2463,2016,9,9,drunk in public,14
2464,2016,9,9,fraud,8
2465,2016,9,9,illegal conceal or carry of weapon,4
2466,2016,9,9,"illegal sales, manufacture, or transport",5
2467,2016,9,9,motor vehicle theft,47
2468,2016,9,9,other,41
2469,2016,9,9,"sex crimes, not child-related",5
2470,2016,9,9,theft,74
2471,2016,9,9,vandalism,35
