year,month,day,OFFENSE,count
2016,1,1,ASSAULT W/DANGEROUS WEAPON,7
2016,1,1,BURGLARY,1
2016,1,1,MOTOR VEHICLE THEFT,7
2016,1,1,ROBBERY,14
2016,1,1,SEX ABUSE,6
2016,1,1,THEFT F/AUTO,33
2016,1,1,THEFT/OTHER,22
2016,1,2,ASSAULT W/DANGEROUS WEAPON,6
2016,1,2,BURGLARY,9
2016,1,2,MOTOR VEHICLE THEFT,2
2016,1,2,ROBBERY,10
2016,1,2,THEFT F/AUTO,27
2016,1,2,THEFT/OTHER,29
2016,1,3,ASSAULT W/DANGEROUS WEAPON,6
2016,1,3,BURGLARY,5
2016,1,3,MOTOR VEHICLE THEFT,3
2016,1,3,ROBBERY,9
2016,1,3,SEX ABUSE,1
2016,1,3,THEFT F/AUTO,41
2016,1,3,THEFT/OTHER,31
2016,1,4,ASSAULT W/DANGEROUS WEAPON,8
2016,1,4,BURGLARY,9
2016,1,4,MOTOR VEHICLE THEFT,9
2016,1,4,ROBBERY,11
2016,1,4,SEX ABUSE,3
2016,1,4,THEFT F/AUTO,32
2016,1,4,THEFT/OTHER,26
2016,1,5,ASSAULT W/DANGEROUS WEAPON,1
2016,1,5,BURGLARY,6
2016,1,5,MOTOR VEHICLE THEFT,6
2016,1,5,ROBBERY,12
2016,1,5,SEX ABUSE,2
2016,1,5,THEFT F/AUTO,27
2016,1,5,THEFT/OTHER,40
2016,1,6,ARSON,1
2016,1,6,ASSAULT W/DANGEROUS WEAPON,4
2016,1,6,BURGLARY,5
2016,1,6,MOTOR VEHICLE THEFT,7
2016,1,6,ROBBERY,10
2016,1,6,SEX ABUSE,1
2016,1,6,THEFT F/AUTO,23
2016,1,6,THEFT/OTHER,43
2016,1,7,ASSAULT W/DANGEROUS WEAPON,4
2016,1,7,BURGLARY,5
2016,1,7,MOTOR VEHICLE THEFT,10
2016,1,7,ROBBERY,12
2016,1,7,SEX ABUSE,1
2016,1,7,THEFT F/AUTO,25
2016,1,7,THEFT/OTHER,26
2016,1,8,ASSAULT W/DANGEROUS WEAPON,8
2016,1,8,BURGLARY,4
2016,1,8,HOMICIDE,1
2016,1,8,MOTOR VEHICLE THEFT,3
2016,1,8,ROBBERY,9
2016,1,8,THEFT F/AUTO,30
2016,1,8,THEFT/OTHER,44
2016,1,9,ASSAULT W/DANGEROUS WEAPON,6
2016,1,9,BURGLARY,8
2016,1,9,HOMICIDE,1
2016,1,9,MOTOR VEHICLE THEFT,3
2016,1,9,ROBBERY,8
2016,1,9,SEX ABUSE,1
2016,1,9,THEFT F/AUTO,30
2016,1,9,THEFT/OTHER,34
2016,1,10,ASSAULT W/DANGEROUS WEAPON,4
2016,1,10,BURGLARY,2
2016,1,10,HOMICIDE,1
2016,1,10,MOTOR VEHICLE THEFT,6
2016,1,10,ROBBERY,11
2016,1,10,SEX ABUSE,1
2016,1,10,THEFT F/AUTO,19
2016,1,10,THEFT/OTHER,29
2016,1,11,ASSAULT W/DANGEROUS WEAPON,7
2016,1,11,BURGLARY,6
2016,1,11,MOTOR VEHICLE THEFT,5
2016,1,11,ROBBERY,12
2016,1,11,THEFT F/AUTO,23
2016,1,11,THEFT/OTHER,70
2016,1,12,ASSAULT W/DANGEROUS WEAPON,6
2016,1,12,BURGLARY,5
2016,1,12,MOTOR VEHICLE THEFT,11
2016,1,12,ROBBERY,15
2016,1,12,SEX ABUSE,2
2016,1,12,THEFT F/AUTO,18
2016,1,12,THEFT/OTHER,26
2016,1,13,ASSAULT W/DANGEROUS WEAPON,7
2016,1,13,BURGLARY,5
2016,1,13,MOTOR VEHICLE THEFT,6
2016,1,13,ROBBERY,12
2016,1,13,SEX ABUSE,1
2016,1,13,THEFT F/AUTO,28
2016,1,13,THEFT/OTHER,35
2016,1,14,ASSAULT W/DANGEROUS WEAPON,3
2016,1,14,BURGLARY,4
2016,1,14,MOTOR VEHICLE THEFT,10
2016,1,14,ROBBERY,14
2016,1,14,THEFT F/AUTO,24
2016,1,14,THEFT/OTHER,42
2016,1,15,ASSAULT W/DANGEROUS WEAPON,7
2016,1,15,BURGLARY,7
2016,1,15,MOTOR VEHICLE THEFT,3
2016,1,15,ROBBERY,11
2016,1,15,SEX ABUSE,1
2016,1,15,THEFT F/AUTO,33
2016,1,15,THEFT/OTHER,42
2016,1,16,ASSAULT W/DANGEROUS WEAPON,7
2016,1,16,BURGLARY,9
2016,1,16,MOTOR VEHICLE THEFT,7
2016,1,16,ROBBERY,7
2016,1,16,SEX ABUSE,1
2016,1,16,THEFT F/AUTO,31
2016,1,16,THEFT/OTHER,39
2016,1,17,ASSAULT W/DANGEROUS WEAPON,8
2016,1,17,MOTOR VEHICLE THEFT,3
2016,1,17,ROBBERY,14
2016,1,17,SEX ABUSE,1
2016,1,17,THEFT F/AUTO,26
2016,1,17,THEFT/OTHER,24
2016,1,18,ASSAULT W/DANGEROUS WEAPON,6
2016,1,18,BURGLARY,4
2016,1,18,MOTOR VEHICLE THEFT,9
2016,1,18,ROBBERY,7
2016,1,18,SEX ABUSE,1
2016,1,18,THEFT F/AUTO,21
2016,1,18,THEFT/OTHER,32
2016,1,19,ASSAULT W/DANGEROUS WEAPON,7
2016,1,19,BURGLARY,11
2016,1,19,MOTOR VEHICLE THEFT,5
2016,1,19,ROBBERY,10
2016,1,19,THEFT F/AUTO,21
2016,1,19,THEFT/OTHER,33
2016,1,20,ASSAULT W/DANGEROUS WEAPON,2
2016,1,20,BURGLARY,4
2016,1,20,HOMICIDE,1
2016,1,20,MOTOR VEHICLE THEFT,4
2016,1,20,ROBBERY,8
2016,1,20,SEX ABUSE,1
2016,1,20,THEFT F/AUTO,16
2016,1,20,THEFT/OTHER,35
2016,1,21,ASSAULT W/DANGEROUS WEAPON,5
2016,1,21,BURGLARY,7
2016,1,21,MOTOR VEHICLE THEFT,2
2016,1,21,ROBBERY,8
2016,1,21,SEX ABUSE,1
2016,1,21,THEFT F/AUTO,28
2016,1,21,THEFT/OTHER,33
2016,1,22,ASSAULT W/DANGEROUS WEAPON,6
2016,1,22,BURGLARY,4
2016,1,22,HOMICIDE,1
2016,1,22,MOTOR VEHICLE THEFT,6
2016,1,22,ROBBERY,4
2016,1,22,SEX ABUSE,1
2016,1,22,THEFT F/AUTO,7
2016,1,22,THEFT/OTHER,20
2016,1,23,ASSAULT W/DANGEROUS WEAPON,4
2016,1,23,BURGLARY,2
2016,1,23,HOMICIDE,1
2016,1,23,ROBBERY,3
2016,1,23,THEFT F/AUTO,1
2016,1,23,THEFT/OTHER,7
2016,1,24,ASSAULT W/DANGEROUS WEAPON,9
2016,1,24,BURGLARY,4
2016,1,24,MOTOR VEHICLE THEFT,4
2016,1,24,ROBBERY,2
2016,1,24,THEFT F/AUTO,5
2016,1,24,THEFT/OTHER,15
2016,1,25,ASSAULT W/DANGEROUS WEAPON,7
2016,1,25,BURGLARY,2
2016,1,25,MOTOR VEHICLE THEFT,4
2016,1,25,ROBBERY,8
2016,1,25,SEX ABUSE,2
2016,1,25,THEFT F/AUTO,5
2016,1,25,THEFT/OTHER,13
2016,1,26,ASSAULT W/DANGEROUS WEAPON,7
2016,1,26,BURGLARY,1
2016,1,26,MOTOR VEHICLE THEFT,1
2016,1,26,ROBBERY,14
2016,1,26,SEX ABUSE,2
2016,1,26,THEFT F/AUTO,6
2016,1,26,THEFT/OTHER,28
2016,1,27,ASSAULT W/DANGEROUS WEAPON,3
2016,1,27,BURGLARY,3
2016,1,27,MOTOR VEHICLE THEFT,2
2016,1,27,ROBBERY,9
2016,1,27,SEX ABUSE,2
2016,1,27,THEFT F/AUTO,15
2016,1,27,THEFT/OTHER,23
2016,1,28,ASSAULT W/DANGEROUS WEAPON,6
2016,1,28,BURGLARY,5
2016,1,28,MOTOR VEHICLE THEFT,1
2016,1,28,ROBBERY,11
2016,1,28,SEX ABUSE,1
2016,1,28,THEFT F/AUTO,12
2016,1,28,THEFT/OTHER,32
2016,1,29,ASSAULT W/DANGEROUS WEAPON,7
2016,1,29,BURGLARY,8
2016,1,29,MOTOR VEHICLE THEFT,8
2016,1,29,ROBBERY,3
2016,1,29,THEFT F/AUTO,33
2016,1,29,THEFT/OTHER,33
2016,1,30,ASSAULT W/DANGEROUS WEAPON,5
2016,1,30,BURGLARY,4
2016,1,30,MOTOR VEHICLE THEFT,2
2016,1,30,ROBBERY,8
2016,1,30,THEFT F/AUTO,21
2016,1,30,THEFT/OTHER,24
2016,1,31,ASSAULT W/DANGEROUS WEAPON,5
2016,1,31,BURGLARY,4
2016,1,31,HOMICIDE,1
2016,1,31,MOTOR VEHICLE THEFT,7
2016,1,31,ROBBERY,19
2016,1,31,SEX ABUSE,3
2016,1,31,THEFT F/AUTO,26
2016,1,31,THEFT/OTHER,22
2016,2,1,ASSAULT W/DANGEROUS WEAPON,7
2016,2,1,BURGLARY,8
2016,2,1,HOMICIDE,1
2016,2,1,MOTOR VEHICLE THEFT,6
2016,2,1,ROBBERY,11
2016,2,1,THEFT F/AUTO,20
2016,2,1,THEFT/OTHER,40
2016,2,2,ASSAULT W/DANGEROUS WEAPON,5
2016,2,2,BURGLARY,6
2016,2,2,MOTOR VEHICLE THEFT,5
2016,2,2,ROBBERY,9
2016,2,2,THEFT F/AUTO,18
2016,2,2,THEFT/OTHER,42
2016,2,3,ASSAULT W/DANGEROUS WEAPON,6
2016,2,3,BURGLARY,6
2016,2,3,MOTOR VEHICLE THEFT,11
2016,2,3,ROBBERY,8
2016,2,3,SEX ABUSE,4
2016,2,3,THEFT F/AUTO,32
2016,2,3,THEFT/OTHER,28
2016,2,4,ASSAULT W/DANGEROUS WEAPON,1
2016,2,4,BURGLARY,9
2016,2,4,MOTOR VEHICLE THEFT,4
2016,2,4,ROBBERY,6
2016,2,4,SEX ABUSE,1
2016,2,4,THEFT F/AUTO,19
2016,2,4,THEFT/OTHER,29
2016,2,5,ASSAULT W/DANGEROUS WEAPON,7
2016,2,5,BURGLARY,4
2016,2,5,MOTOR VEHICLE THEFT,2
2016,2,5,ROBBERY,5
2016,2,5,THEFT F/AUTO,27
2016,2,5,THEFT/OTHER,32
2016,2,6,ASSAULT W/DANGEROUS WEAPON,6
2016,2,6,BURGLARY,4
2016,2,6,MOTOR VEHICLE THEFT,5
2016,2,6,ROBBERY,9
2016,2,6,SEX ABUSE,2
2016,2,6,THEFT F/AUTO,24
2016,2,6,THEFT/OTHER,25
2016,2,7,ASSAULT W/DANGEROUS WEAPON,5
2016,2,7,BURGLARY,2
2016,2,7,MOTOR VEHICLE THEFT,6
2016,2,7,ROBBERY,7
2016,2,7,THEFT F/AUTO,32
2016,2,7,THEFT/OTHER,18
2016,2,8,ASSAULT W/DANGEROUS WEAPON,6
2016,2,8,BURGLARY,4
2016,2,8,MOTOR VEHICLE THEFT,9
2016,2,8,ROBBERY,8
2016,2,8,THEFT F/AUTO,31
2016,2,8,THEFT/OTHER,39
2016,2,9,ASSAULT W/DANGEROUS WEAPON,4
2016,2,9,BURGLARY,2
2016,2,9,HOMICIDE,1
2016,2,9,MOTOR VEHICLE THEFT,7
2016,2,9,ROBBERY,9
2016,2,9,SEX ABUSE,1
2016,2,9,THEFT F/AUTO,21
2016,2,9,THEFT/OTHER,38
2016,2,10,ASSAULT W/DANGEROUS WEAPON,5
2016,2,10,BURGLARY,2
2016,2,10,HOMICIDE,1
2016,2,10,MOTOR VEHICLE THEFT,2
2016,2,10,ROBBERY,6
2016,2,10,THEFT F/AUTO,42
2016,2,10,THEFT/OTHER,32
2016,2,11,ASSAULT W/DANGEROUS WEAPON,6
2016,2,11,BURGLARY,6
2016,2,11,MOTOR VEHICLE THEFT,3
2016,2,11,ROBBERY,4
2016,2,11,THEFT F/AUTO,16
2016,2,11,THEFT/OTHER,27
2016,2,12,ASSAULT W/DANGEROUS WEAPON,3
2016,2,12,BURGLARY,3
2016,2,12,MOTOR VEHICLE THEFT,7
2016,2,12,ROBBERY,4
2016,2,12,SEX ABUSE,2
2016,2,12,THEFT F/AUTO,22
2016,2,12,THEFT/OTHER,36
2016,2,13,ASSAULT W/DANGEROUS WEAPON,4
2016,2,13,BURGLARY,2
2016,2,13,MOTOR VEHICLE THEFT,4
2016,2,13,ROBBERY,8
2016,2,13,THEFT F/AUTO,13
2016,2,13,THEFT/OTHER,15
2016,2,14,ASSAULT W/DANGEROUS WEAPON,3
2016,2,14,BURGLARY,2
2016,2,14,MOTOR VEHICLE THEFT,6
2016,2,14,ROBBERY,7
2016,2,14,SEX ABUSE,1
2016,2,14,THEFT F/AUTO,13
2016,2,14,THEFT/OTHER,21
2016,2,15,ASSAULT W/DANGEROUS WEAPON,4
2016,2,15,BURGLARY,1
2016,2,15,MOTOR VEHICLE THEFT,2
2016,2,15,ROBBERY,7
2016,2,15,SEX ABUSE,3
2016,2,15,THEFT F/AUTO,17
2016,2,15,THEFT/OTHER,15
2016,2,16,ASSAULT W/DANGEROUS WEAPON,6
2016,2,16,BURGLARY,6
2016,2,16,MOTOR VEHICLE THEFT,2
2016,2,16,ROBBERY,8
2016,2,16,THEFT F/AUTO,20
2016,2,16,THEFT/OTHER,37
2016,2,17,ASSAULT W/DANGEROUS WEAPON,8
2016,2,17,BURGLARY,5
2016,2,17,MOTOR VEHICLE THEFT,3
2016,2,17,ROBBERY,4
2016,2,17,SEX ABUSE,1
2016,2,17,THEFT F/AUTO,36
2016,2,17,THEFT/OTHER,33
2016,2,18,ARSON,1
2016,2,18,ASSAULT W/DANGEROUS WEAPON,7
2016,2,18,BURGLARY,7
2016,2,18,HOMICIDE,2
2016,2,18,MOTOR VEHICLE THEFT,8
2016,2,18,ROBBERY,15
2016,2,18,THEFT F/AUTO,19
2016,2,18,THEFT/OTHER,29
2016,2,19,ASSAULT W/DANGEROUS WEAPON,5
2016,2,19,BURGLARY,3
2016,2,19,HOMICIDE,1
2016,2,19,MOTOR VEHICLE THEFT,3
2016,2,19,ROBBERY,6
2016,2,19,THEFT F/AUTO,18
2016,2,19,THEFT/OTHER,32
2016,2,20,ASSAULT W/DANGEROUS WEAPON,6
2016,2,20,HOMICIDE,1
2016,2,20,MOTOR VEHICLE THEFT,1
2016,2,20,ROBBERY,11
2016,2,20,THEFT F/AUTO,19
2016,2,20,THEFT/OTHER,25
2016,2,21,ASSAULT W/DANGEROUS WEAPON,5
2016,2,21,BURGLARY,4
2016,2,21,MOTOR VEHICLE THEFT,2
2016,2,21,ROBBERY,13
2016,2,21,THEFT F/AUTO,25
2016,2,21,THEFT/OTHER,30
2016,2,22,ASSAULT W/DANGEROUS WEAPON,5
2016,2,22,BURGLARY,6
2016,2,22,HOMICIDE,1
2016,2,22,MOTOR VEHICLE THEFT,9
2016,2,22,ROBBERY,10
2016,2,22,SEX ABUSE,1
2016,2,22,THEFT F/AUTO,25
2016,2,22,THEFT/OTHER,40
2016,2,23,ASSAULT W/DANGEROUS WEAPON,7
2016,2,23,BURGLARY,5
2016,2,23,MOTOR VEHICLE THEFT,4
2016,2,23,ROBBERY,11
2016,2,23,THEFT F/AUTO,37
2016,2,23,THEFT/OTHER,27
2016,2,24,ASSAULT W/DANGEROUS WEAPON,3
2016,2,24,BURGLARY,9
2016,2,24,HOMICIDE,1
2016,2,24,MOTOR VEHICLE THEFT,4
2016,2,24,ROBBERY,9
2016,2,24,THEFT F/AUTO,27
2016,2,24,THEFT/OTHER,28
2016,2,25,ASSAULT W/DANGEROUS WEAPON,2
2016,2,25,BURGLARY,5
2016,2,25,MOTOR VEHICLE THEFT,5
2016,2,25,ROBBERY,10
2016,2,25,THEFT F/AUTO,40
2016,2,25,THEFT/OTHER,29
2016,2,26,ASSAULT W/DANGEROUS WEAPON,7
2016,2,26,BURGLARY,8
2016,2,26,MOTOR VEHICLE THEFT,7
2016,2,26,ROBBERY,7
2016,2,26,SEX ABUSE,2
2016,2,26,THEFT F/AUTO,30
2016,2,26,THEFT/OTHER,38
2016,2,27,ASSAULT W/DANGEROUS WEAPON,7
2016,2,27,BURGLARY,3
2016,2,27,MOTOR VEHICLE THEFT,3
2016,2,27,ROBBERY,7
2016,2,27,SEX ABUSE,1
2016,2,27,THEFT F/AUTO,14
2016,2,27,THEFT/OTHER,41
2016,2,28,ASSAULT W/DANGEROUS WEAPON,6
2016,2,28,BURGLARY,2
2016,2,28,MOTOR VEHICLE THEFT,4
2016,2,28,ROBBERY,7
2016,2,28,THEFT F/AUTO,26
2016,2,28,THEFT/OTHER,26
2016,2,29,ARSON,1
2016,2,29,ASSAULT W/DANGEROUS WEAPON,8
2016,2,29,BURGLARY,5
2016,2,29,MOTOR VEHICLE THEFT,8
2016,2,29,ROBBERY,6
2016,2,29,SEX ABUSE,1
2016,2,29,THEFT F/AUTO,27
2016,2,29,THEFT/OTHER,39
2016,3,1,ASSAULT W/DANGEROUS WEAPON,4
2016,3,1,BURGLARY,2
2016,3,1,HOMICIDE,1
2016,3,1,MOTOR VEHICLE THEFT,2
2016,3,1,ROBBERY,9
2016,3,1,THEFT F/AUTO,26
2016,3,1,THEFT/OTHER,35
2016,3,2,ASSAULT W/DANGEROUS WEAPON,4
2016,3,2,BURGLARY,4
2016,3,2,HOMICIDE,1
2016,3,2,MOTOR VEHICLE THEFT,4
2016,3,2,ROBBERY,4
2016,3,2,SEX ABUSE,1
2016,3,2,THEFT F/AUTO,47
2016,3,2,THEFT/OTHER,43
2016,3,3,ASSAULT W/DANGEROUS WEAPON,3
2016,3,3,BURGLARY,4
2016,3,3,MOTOR VEHICLE THEFT,3
2016,3,3,ROBBERY,8
2016,3,3,THEFT F/AUTO,22
2016,3,3,THEFT/OTHER,36
2016,3,4,ASSAULT W/DANGEROUS WEAPON,11
2016,3,4,BURGLARY,5
2016,3,4,HOMICIDE,1
2016,3,4,MOTOR VEHICLE THEFT,1
2016,3,4,ROBBERY,7
2016,3,4,SEX ABUSE,1
2016,3,4,THEFT F/AUTO,21
2016,3,4,THEFT/OTHER,31
2016,3,5,ASSAULT W/DANGEROUS WEAPON,7
2016,3,5,BURGLARY,4
2016,3,5,MOTOR VEHICLE THEFT,4
2016,3,5,ROBBERY,7
2016,3,5,SEX ABUSE,1
2016,3,5,THEFT F/AUTO,24
2016,3,5,THEFT/OTHER,20
2016,3,6,ASSAULT W/DANGEROUS WEAPON,4
2016,3,6,BURGLARY,3
2016,3,6,HOMICIDE,1
2016,3,6,MOTOR VEHICLE THEFT,5
2016,3,6,ROBBERY,9
2016,3,6,SEX ABUSE,1
2016,3,6,THEFT F/AUTO,18
2016,3,6,THEFT/OTHER,23
2016,3,7,ASSAULT W/DANGEROUS WEAPON,4
2016,3,7,BURGLARY,11
2016,3,7,MOTOR VEHICLE THEFT,9
2016,3,7,ROBBERY,5
2016,3,7,SEX ABUSE,2
2016,3,7,THEFT F/AUTO,27
2016,3,7,THEFT/OTHER,49
2016,3,8,ASSAULT W/DANGEROUS WEAPON,4
2016,3,8,BURGLARY,3
2016,3,8,MOTOR VEHICLE THEFT,5
2016,3,8,ROBBERY,8
2016,3,8,THEFT F/AUTO,31
2016,3,8,THEFT/OTHER,41
2016,3,9,ASSAULT W/DANGEROUS WEAPON,5
2016,3,9,BURGLARY,3
2016,3,9,MOTOR VEHICLE THEFT,4
2016,3,9,ROBBERY,3
2016,3,9,THEFT F/AUTO,24
2016,3,9,THEFT/OTHER,37
2016,3,10,ASSAULT W/DANGEROUS WEAPON,8
2016,3,10,BURGLARY,4
2016,3,10,MOTOR VEHICLE THEFT,5
2016,3,10,ROBBERY,9
2016,3,10,SEX ABUSE,1
2016,3,10,THEFT F/AUTO,20
2016,3,10,THEFT/OTHER,33
2016,3,11,ASSAULT W/DANGEROUS WEAPON,7
2016,3,11,BURGLARY,1
2016,3,11,HOMICIDE,1
2016,3,11,MOTOR VEHICLE THEFT,7
2016,3,11,ROBBERY,13
2016,3,11,SEX ABUSE,1
2016,3,11,THEFT F/AUTO,14
2016,3,11,THEFT/OTHER,24
2016,3,12,ASSAULT W/DANGEROUS WEAPON,5
2016,3,12,BURGLARY,4
2016,3,12,MOTOR VEHICLE THEFT,3
2016,3,12,ROBBERY,6
2016,3,12,SEX ABUSE,1
2016,3,12,THEFT F/AUTO,17
2016,3,12,THEFT/OTHER,30
2016,3,13,ASSAULT W/DANGEROUS WEAPON,8
2016,3,13,BURGLARY,3
2016,3,13,MOTOR VEHICLE THEFT,3
2016,3,13,ROBBERY,5
2016,3,13,SEX ABUSE,2
2016,3,13,THEFT F/AUTO,27
2016,3,13,THEFT/OTHER,29
2016,3,14,ASSAULT W/DANGEROUS WEAPON,5
2016,3,14,BURGLARY,5
2016,3,14,MOTOR VEHICLE THEFT,3
2016,3,14,ROBBERY,5
2016,3,14,SEX ABUSE,2
2016,3,14,THEFT F/AUTO,21
2016,3,14,THEFT/OTHER,42
2016,3,15,ASSAULT W/DANGEROUS WEAPON,7
2016,3,15,BURGLARY,5
2016,3,15,MOTOR VEHICLE THEFT,7
2016,3,15,ROBBERY,7
2016,3,15,THEFT F/AUTO,28
2016,3,15,THEFT/OTHER,42
2016,3,16,ASSAULT W/DANGEROUS WEAPON,9
2016,3,16,BURGLARY,2
2016,3,16,MOTOR VEHICLE THEFT,7
2016,3,16,ROBBERY,3
2016,3,16,SEX ABUSE,3
2016,3,16,THEFT F/AUTO,24
2016,3,16,THEFT/OTHER,42
2016,3,17,ASSAULT W/DANGEROUS WEAPON,3
2016,3,17,BURGLARY,8
2016,3,17,HOMICIDE,3
2016,3,17,MOTOR VEHICLE THEFT,4
2016,3,17,ROBBERY,7
2016,3,17,THEFT F/AUTO,26
2016,3,17,THEFT/OTHER,39
2016,3,18,ASSAULT W/DANGEROUS WEAPON,8
2016,3,18,BURGLARY,6
2016,3,18,MOTOR VEHICLE THEFT,10
2016,3,18,ROBBERY,6
2016,3,18,SEX ABUSE,1
2016,3,18,THEFT F/AUTO,27
2016,3,18,THEFT/OTHER,48
2016,3,19,ASSAULT W/DANGEROUS WEAPON,5
2016,3,19,BURGLARY,6
2016,3,19,MOTOR VEHICLE THEFT,8
2016,3,19,ROBBERY,9
2016,3,19,SEX ABUSE,3
2016,3,19,THEFT F/AUTO,21
2016,3,19,THEFT/OTHER,37
2016,3,20,ASSAULT W/DANGEROUS WEAPON,7
2016,3,20,BURGLARY,4
2016,3,20,MOTOR VEHICLE THEFT,4
2016,3,20,ROBBERY,9
2016,3,20,SEX ABUSE,1
2016,3,20,THEFT F/AUTO,23
2016,3,20,THEFT/OTHER,28
2016,3,21,ASSAULT W/DANGEROUS WEAPON,8
2016,3,21,BURGLARY,6
2016,3,21,MOTOR VEHICLE THEFT,6
2016,3,21,ROBBERY,8
2016,3,21,THEFT F/AUTO,26
2016,3,21,THEFT/OTHER,41
2016,3,22,ASSAULT W/DANGEROUS WEAPON,4
2016,3,22,BURGLARY,5
2016,3,22,HOMICIDE,1
2016,3,22,MOTOR VEHICLE THEFT,4
2016,3,22,ROBBERY,3
2016,3,22,THEFT F/AUTO,36
2016,3,22,THEFT/OTHER,38
2016,3,23,ASSAULT W/DANGEROUS WEAPON,5
2016,3,23,BURGLARY,6
2016,3,23,MOTOR VEHICLE THEFT,7
2016,3,23,ROBBERY,7
2016,3,23,THEFT F/AUTO,29
2016,3,23,THEFT/OTHER,36
2016,3,24,ASSAULT W/DANGEROUS WEAPON,11
2016,3,24,BURGLARY,2
2016,3,24,HOMICIDE,1
2016,3,24,MOTOR VEHICLE THEFT,7
2016,3,24,ROBBERY,6
2016,3,24,THEFT F/AUTO,24
2016,3,24,THEFT/OTHER,33
2016,3,25,ASSAULT W/DANGEROUS WEAPON,7
2016,3,25,BURGLARY,10
2016,3,25,MOTOR VEHICLE THEFT,4
2016,3,25,ROBBERY,7
2016,3,25,THEFT F/AUTO,34
2016,3,25,THEFT/OTHER,51
2016,3,26,ASSAULT W/DANGEROUS WEAPON,10
2016,3,26,BURGLARY,3
2016,3,26,HOMICIDE,1
2016,3,26,MOTOR VEHICLE THEFT,7
2016,3,26,ROBBERY,9
2016,3,26,SEX ABUSE,1
2016,3,26,THEFT F/AUTO,30
2016,3,26,THEFT/OTHER,38
2016,3,27,ASSAULT W/DANGEROUS WEAPON,6
2016,3,27,BURGLARY,2
2016,3,27,MOTOR VEHICLE THEFT,6
2016,3,27,ROBBERY,7
2016,3,27,THEFT F/AUTO,32
2016,3,27,THEFT/OTHER,26
2016,3,28,ASSAULT W/DANGEROUS WEAPON,9
2016,3,28,BURGLARY,5
2016,3,28,MOTOR VEHICLE THEFT,3
2016,3,28,ROBBERY,3
2016,3,28,SEX ABUSE,2
2016,3,28,THEFT F/AUTO,31
2016,3,28,THEFT/OTHER,52
2016,3,29,ASSAULT W/DANGEROUS WEAPON,5
2016,3,29,BURGLARY,10
2016,3,29,MOTOR VEHICLE THEFT,2
2016,3,29,ROBBERY,8
2016,3,29,THEFT F/AUTO,25
2016,3,29,THEFT/OTHER,47
2016,3,30,ASSAULT W/DANGEROUS WEAPON,9
2016,3,30,BURGLARY,10
2016,3,30,MOTOR VEHICLE THEFT,7
2016,3,30,ROBBERY,12
2016,3,30,SEX ABUSE,2
2016,3,30,THEFT F/AUTO,30
2016,3,30,THEFT/OTHER,49
2016,3,31,ASSAULT W/DANGEROUS WEAPON,4
2016,3,31,BURGLARY,5
2016,3,31,HOMICIDE,1
2016,3,31,MOTOR VEHICLE THEFT,7
2016,3,31,ROBBERY,3
2016,3,31,THEFT F/AUTO,34
2016,3,31,THEFT/OTHER,35
2016,4,1,ASSAULT W/DANGEROUS WEAPON,9
2016,4,1,BURGLARY,9
2016,4,1,MOTOR VEHICLE THEFT,6
2016,4,1,ROBBERY,6
2016,4,1,SEX ABUSE,1
2016,4,1,THEFT F/AUTO,26
2016,4,1,THEFT/OTHER,31
2016,4,2,ASSAULT W/DANGEROUS WEAPON,5
2016,4,2,BURGLARY,11
2016,4,2,MOTOR VEHICLE THEFT,8
2016,4,2,ROBBERY,5
2016,4,2,SEX ABUSE,1
2016,4,2,THEFT F/AUTO,26
2016,4,2,THEFT/OTHER,46
2016,4,3,ASSAULT W/DANGEROUS WEAPON,8
2016,4,3,BURGLARY,7
2016,4,3,MOTOR VEHICLE THEFT,4
2016,4,3,ROBBERY,12
2016,4,3,SEX ABUSE,3
2016,4,3,THEFT F/AUTO,30
2016,4,3,THEFT/OTHER,31
2016,4,4,ASSAULT W/DANGEROUS WEAPON,8
2016,4,4,BURGLARY,8
2016,4,4,HOMICIDE,1
2016,4,4,MOTOR VEHICLE THEFT,4
2016,4,4,ROBBERY,8
2016,4,4,SEX ABUSE,3
2016,4,4,THEFT F/AUTO,23
2016,4,4,THEFT/OTHER,36
2016,4,5,ASSAULT W/DANGEROUS WEAPON,5
2016,4,5,BURGLARY,3
2016,4,5,MOTOR VEHICLE THEFT,5
2016,4,5,ROBBERY,3
2016,4,5,THEFT F/AUTO,20
2016,4,5,THEFT/OTHER,30
2016,4,6,ASSAULT W/DANGEROUS WEAPON,4
2016,4,6,BURGLARY,3
2016,4,6,MOTOR VEHICLE THEFT,5
2016,4,6,ROBBERY,8
2016,4,6,SEX ABUSE,2
2016,4,6,THEFT F/AUTO,22
2016,4,6,THEFT/OTHER,23
2016,4,7,ASSAULT W/DANGEROUS WEAPON,6
2016,4,7,BURGLARY,7
2016,4,7,MOTOR VEHICLE THEFT,5
2016,4,7,ROBBERY,6
2016,4,7,SEX ABUSE,1
2016,4,7,THEFT F/AUTO,25
2016,4,7,THEFT/OTHER,25
2016,4,8,ASSAULT W/DANGEROUS WEAPON,6
2016,4,8,BURGLARY,4
2016,4,8,MOTOR VEHICLE THEFT,3
2016,4,8,ROBBERY,7
2016,4,8,THEFT F/AUTO,25
2016,4,8,THEFT/OTHER,33
2016,4,9,ASSAULT W/DANGEROUS WEAPON,9
2016,4,9,BURGLARY,8
2016,4,9,MOTOR VEHICLE THEFT,3
2016,4,9,ROBBERY,8
2016,4,9,SEX ABUSE,1
2016,4,9,THEFT F/AUTO,27
2016,4,9,THEFT/OTHER,39
2016,4,10,ASSAULT W/DANGEROUS WEAPON,5
2016,4,10,BURGLARY,8
2016,4,10,MOTOR VEHICLE THEFT,6
2016,4,10,ROBBERY,10
2016,4,10,THEFT F/AUTO,22
2016,4,10,THEFT/OTHER,36
2016,4,11,ASSAULT W/DANGEROUS WEAPON,6
2016,4,11,BURGLARY,7
2016,4,11,HOMICIDE,1
2016,4,11,MOTOR VEHICLE THEFT,5
2016,4,11,ROBBERY,8
2016,4,11,SEX ABUSE,2
2016,4,11,THEFT F/AUTO,25
2016,4,11,THEFT/OTHER,29
2016,4,12,ASSAULT W/DANGEROUS WEAPON,5
2016,4,12,BURGLARY,4
2016,4,12,MOTOR VEHICLE THEFT,9
2016,4,12,ROBBERY,9
2016,4,12,THEFT F/AUTO,30
2016,4,12,THEFT/OTHER,42
2016,4,13,ASSAULT W/DANGEROUS WEAPON,11
2016,4,13,BURGLARY,6
2016,4,13,MOTOR VEHICLE THEFT,5
2016,4,13,ROBBERY,12
2016,4,13,SEX ABUSE,2
2016,4,13,THEFT F/AUTO,24
2016,4,13,THEFT/OTHER,33
2016,4,14,ASSAULT W/DANGEROUS WEAPON,6
2016,4,14,BURGLARY,3
2016,4,14,MOTOR VEHICLE THEFT,8
2016,4,14,ROBBERY,10
2016,4,14,THEFT F/AUTO,27
2016,4,14,THEFT/OTHER,37
2016,4,15,ASSAULT W/DANGEROUS WEAPON,9
2016,4,15,BURGLARY,2
2016,4,15,HOMICIDE,1
2016,4,15,MOTOR VEHICLE THEFT,6
2016,4,15,ROBBERY,10
2016,4,15,THEFT F/AUTO,42
2016,4,15,THEFT/OTHER,31
2016,4,16,ASSAULT W/DANGEROUS WEAPON,7
2016,4,16,BURGLARY,5
2016,4,16,MOTOR VEHICLE THEFT,4
2016,4,16,ROBBERY,9
2016,4,16,THEFT F/AUTO,45
2016,4,16,THEFT/OTHER,26
2016,4,17,ASSAULT W/DANGEROUS WEAPON,5
2016,4,17,BURGLARY,6
2016,4,17,HOMICIDE,1
2016,4,17,MOTOR VEHICLE THEFT,6
2016,4,17,ROBBERY,6
2016,4,17,SEX ABUSE,3
2016,4,17,THEFT F/AUTO,29
2016,4,17,THEFT/OTHER,29
2016,4,18,ASSAULT W/DANGEROUS WEAPON,5
2016,4,18,BURGLARY,6
2016,4,18,MOTOR VEHICLE THEFT,7
2016,4,18,ROBBERY,10
2016,4,18,SEX ABUSE,1
2016,4,18,THEFT F/AUTO,33
2016,4,18,THEFT/OTHER,47
2016,4,19,ASSAULT W/DANGEROUS WEAPON,6
2016,4,19,BURGLARY,6
2016,4,19,MOTOR VEHICLE THEFT,7
2016,4,19,ROBBERY,8
2016,4,19,SEX ABUSE,1
2016,4,19,THEFT F/AUTO,39
2016,4,19,THEFT/OTHER,47
2016,4,20,ASSAULT W/DANGEROUS WEAPON,10
2016,4,20,BURGLARY,8
2016,4,20,MOTOR VEHICLE THEFT,9
2016,4,20,ROBBERY,8
2016,4,20,THEFT F/AUTO,24
2016,4,20,THEFT/OTHER,45
2016,4,21,ASSAULT W/DANGEROUS WEAPON,6
2016,4,21,BURGLARY,3
2016,4,21,HOMICIDE,1
2016,4,21,MOTOR VEHICLE THEFT,5
2016,4,21,ROBBERY,9
2016,4,21,THEFT F/AUTO,33
2016,4,21,THEFT/OTHER,33
2016,4,22,ASSAULT W/DANGEROUS WEAPON,10
2016,4,22,BURGLARY,11
2016,4,22,HOMICIDE,1
2016,4,22,MOTOR VEHICLE THEFT,3
2016,4,22,ROBBERY,9
2016,4,22,SEX ABUSE,2
2016,4,22,THEFT F/AUTO,39
2016,4,22,THEFT/OTHER,39
2016,4,23,ASSAULT W/DANGEROUS WEAPON,10
2016,4,23,BURGLARY,4
2016,4,23,HOMICIDE,1
2016,4,23,MOTOR VEHICLE THEFT,2
2016,4,23,ROBBERY,5
2016,4,23,THEFT F/AUTO,33
2016,4,23,THEFT/OTHER,22
2016,4,24,ASSAULT W/DANGEROUS WEAPON,7
2016,4,24,BURGLARY,1
2016,4,24,HOMICIDE,1
2016,4,24,MOTOR VEHICLE THEFT,7
2016,4,24,ROBBERY,9
2016,4,24,SEX ABUSE,2
2016,4,24,THEFT F/AUTO,32
2016,4,24,THEFT/OTHER,29
2016,4,25,ASSAULT W/DANGEROUS WEAPON,2
2016,4,25,BURGLARY,14
2016,4,25,MOTOR VEHICLE THEFT,3
2016,4,25,ROBBERY,9
2016,4,25,SEX ABUSE,1
2016,4,25,THEFT F/AUTO,23
2016,4,25,THEFT/OTHER,41
2016,4,26,ASSAULT W/DANGEROUS WEAPON,7
2016,4,26,BURGLARY,15
2016,4,26,MOTOR VEHICLE THEFT,7
2016,4,26,ROBBERY,6
2016,4,26,THEFT F/AUTO,23
2016,4,26,THEFT/OTHER,47
2016,4,27,ASSAULT W/DANGEROUS WEAPON,2
2016,4,27,BURGLARY,7
2016,4,27,MOTOR VEHICLE THEFT,7
2016,4,27,ROBBERY,12
2016,4,27,SEX ABUSE,1
2016,4,27,THEFT F/AUTO,30
2016,4,27,THEFT/OTHER,40
2016,4,28,ASSAULT W/DANGEROUS WEAPON,7
2016,4,28,BURGLARY,5
2016,4,28,MOTOR VEHICLE THEFT,3
2016,4,28,ROBBERY,5
2016,4,28,THEFT F/AUTO,34
2016,4,28,THEFT/OTHER,43
2016,4,29,ASSAULT W/DANGEROUS WEAPON,4
2016,4,29,BURGLARY,7
2016,4,29,MOTOR VEHICLE THEFT,6
2016,4,29,ROBBERY,8
2016,4,29,THEFT F/AUTO,25
2016,4,29,THEFT/OTHER,31
2016,4,30,ASSAULT W/DANGEROUS WEAPON,11
2016,4,30,BURGLARY,6
2016,4,30,HOMICIDE,1
2016,4,30,MOTOR VEHICLE THEFT,4
2016,4,30,ROBBERY,4
2016,4,30,THEFT F/AUTO,26
2016,4,30,THEFT/OTHER,22
2016,5,1,ASSAULT W/DANGEROUS WEAPON,7
2016,5,1,BURGLARY,7
2016,5,1,MOTOR VEHICLE THEFT,11
2016,5,1,ROBBERY,7
2016,5,1,THEFT F/AUTO,24
2016,5,1,THEFT/OTHER,26
2016,5,2,ASSAULT W/DANGEROUS WEAPON,8
2016,5,2,BURGLARY,2
2016,5,2,MOTOR VEHICLE THEFT,7
2016,5,2,ROBBERY,13
2016,5,2,THEFT F/AUTO,26
2016,5,2,THEFT/OTHER,38
2016,5,3,ASSAULT W/DANGEROUS WEAPON,3
2016,5,3,BURGLARY,8
2016,5,3,HOMICIDE,2
2016,5,3,MOTOR VEHICLE THEFT,5
2016,5,3,ROBBERY,10
2016,5,3,SEX ABUSE,1
2016,5,3,THEFT F/AUTO,29
2016,5,3,THEFT/OTHER,37
2016,5,4,ASSAULT W/DANGEROUS WEAPON,9
2016,5,4,BURGLARY,14
2016,5,4,MOTOR VEHICLE THEFT,6
2016,5,4,ROBBERY,3
2016,5,4,THEFT F/AUTO,26
2016,5,4,THEFT/OTHER,29
2016,5,5,ASSAULT W/DANGEROUS WEAPON,5
2016,5,5,BURGLARY,11
2016,5,5,MOTOR VEHICLE THEFT,4
2016,5,5,ROBBERY,7
2016,5,5,THEFT F/AUTO,37
2016,5,5,THEFT/OTHER,38
2016,5,6,ASSAULT W/DANGEROUS WEAPON,7
2016,5,6,BURGLARY,7
2016,5,6,MOTOR VEHICLE THEFT,10
2016,5,6,ROBBERY,18
2016,5,6,SEX ABUSE,2
2016,5,6,THEFT F/AUTO,34
2016,5,6,THEFT/OTHER,32
2016,5,7,ASSAULT W/DANGEROUS WEAPON,9
2016,5,7,BURGLARY,1
2016,5,7,MOTOR VEHICLE THEFT,11
2016,5,7,ROBBERY,10
2016,5,7,SEX ABUSE,1
2016,5,7,THEFT F/AUTO,30
2016,5,7,THEFT/OTHER,25
2016,5,8,ASSAULT W/DANGEROUS WEAPON,15
2016,5,8,BURGLARY,6
2016,5,8,HOMICIDE,1
2016,5,8,MOTOR VEHICLE THEFT,5
2016,5,8,ROBBERY,14
2016,5,8,SEX ABUSE,2
2016,5,8,THEFT F/AUTO,21
2016,5,8,THEFT/OTHER,24
2016,5,9,ASSAULT W/DANGEROUS WEAPON,9
2016,5,9,BURGLARY,6
2016,5,9,MOTOR VEHICLE THEFT,6
2016,5,9,ROBBERY,11
2016,5,9,SEX ABUSE,1
2016,5,9,THEFT F/AUTO,30
2016,5,9,THEFT/OTHER,32
2016,5,10,ASSAULT W/DANGEROUS WEAPON,3
2016,5,10,BURGLARY,8
2016,5,10,HOMICIDE,1
2016,5,10,MOTOR VEHICLE THEFT,6
2016,5,10,ROBBERY,7
2016,5,10,SEX ABUSE,1
2016,5,10,THEFT F/AUTO,26
2016,5,10,THEFT/OTHER,42
2016,5,11,ASSAULT W/DANGEROUS WEAPON,8
2016,5,11,BURGLARY,8
2016,5,11,HOMICIDE,1
2016,5,11,MOTOR VEHICLE THEFT,5
2016,5,11,ROBBERY,4
2016,5,11,THEFT F/AUTO,23
2016,5,11,THEFT/OTHER,38
2016,5,12,ASSAULT W/DANGEROUS WEAPON,7
2016,5,12,BURGLARY,8
2016,5,12,HOMICIDE,1
2016,5,12,MOTOR VEHICLE THEFT,3
2016,5,12,ROBBERY,6
2016,5,12,THEFT F/AUTO,39
2016,5,12,THEFT/OTHER,40
2016,5,13,ASSAULT W/DANGEROUS WEAPON,6
2016,5,13,BURGLARY,10
2016,5,13,MOTOR VEHICLE THEFT,9
2016,5,13,ROBBERY,9
2016,5,13,SEX ABUSE,1
2016,5,13,THEFT F/AUTO,32
2016,5,13,THEFT/OTHER,44
2016,5,14,ASSAULT W/DANGEROUS WEAPON,14
2016,5,14,BURGLARY,4
2016,5,14,HOMICIDE,1
2016,5,14,MOTOR VEHICLE THEFT,14
2016,5,14,ROBBERY,10
2016,5,14,THEFT F/AUTO,34
2016,5,14,THEFT/OTHER,36
2016,5,15,ASSAULT W/DANGEROUS WEAPON,8
2016,5,15,MOTOR VEHICLE THEFT,8
2016,5,15,ROBBERY,6
2016,5,15,THEFT F/AUTO,39
2016,5,15,THEFT/OTHER,30
2016,5,16,ASSAULT W/DANGEROUS WEAPON,8
2016,5,16,BURGLARY,5
2016,5,16,HOMICIDE,1
2016,5,16,MOTOR VEHICLE THEFT,5
2016,5,16,ROBBERY,12
2016,5,16,THEFT F/AUTO,48
2016,5,16,THEFT/OTHER,42
2016,5,17,ASSAULT W/DANGEROUS WEAPON,5
2016,5,17,BURGLARY,10
2016,5,17,HOMICIDE,1
2016,5,17,MOTOR VEHICLE THEFT,13
2016,5,17,ROBBERY,6
2016,5,17,THEFT F/AUTO,34
2016,5,17,THEFT/OTHER,39
2016,5,18,ASSAULT W/DANGEROUS WEAPON,7
2016,5,18,BURGLARY,6
2016,5,18,HOMICIDE,1
2016,5,18,MOTOR VEHICLE THEFT,10
2016,5,18,ROBBERY,10
2016,5,18,SEX ABUSE,1
2016,5,18,THEFT F/AUTO,26
2016,5,18,THEFT/OTHER,32
2016,5,19,ASSAULT W/DANGEROUS WEAPON,5
2016,5,19,BURGLARY,13
2016,5,19,HOMICIDE,1
2016,5,19,MOTOR VEHICLE THEFT,6
2016,5,19,ROBBERY,8
2016,5,19,THEFT F/AUTO,34
2016,5,19,THEFT/OTHER,41
2016,5,20,ASSAULT W/DANGEROUS WEAPON,6
2016,5,20,BURGLARY,11
2016,5,20,MOTOR VEHICLE THEFT,2
2016,5,20,ROBBERY,11
2016,5,20,THEFT F/AUTO,35
2016,5,20,THEFT/OTHER,41
2016,5,21,ASSAULT W/DANGEROUS WEAPON,6
2016,5,21,BURGLARY,4
2016,5,21,MOTOR VEHICLE THEFT,11
2016,5,21,ROBBERY,7
2016,5,21,THEFT F/AUTO,46
2016,5,21,THEFT/OTHER,32
2016,5,22,ASSAULT W/DANGEROUS WEAPON,9
2016,5,22,BURGLARY,5
2016,5,22,MOTOR VEHICLE THEFT,7
2016,5,22,ROBBERY,5
2016,5,22,THEFT F/AUTO,45
2016,5,22,THEFT/OTHER,37
2016,5,23,ASSAULT W/DANGEROUS WEAPON,7
2016,5,23,BURGLARY,10
2016,5,23,HOMICIDE,1
2016,5,23,MOTOR VEHICLE THEFT,11
2016,5,23,ROBBERY,5
2016,5,23,THEFT F/AUTO,36
2016,5,23,THEFT/OTHER,49
2016,5,24,ASSAULT W/DANGEROUS WEAPON,4
2016,5,24,BURGLARY,9
2016,5,24,MOTOR VEHICLE THEFT,13
2016,5,24,ROBBERY,15
2016,5,24,SEX ABUSE,1
2016,5,24,THEFT F/AUTO,22
2016,5,24,THEFT/OTHER,43
2016,5,25,ASSAULT W/DANGEROUS WEAPON,5
2016,5,25,BURGLARY,5
2016,5,25,MOTOR VEHICLE THEFT,9
2016,5,25,ROBBERY,10
2016,5,25,SEX ABUSE,1
2016,5,25,THEFT F/AUTO,36
2016,5,25,THEFT/OTHER,45
2016,5,26,ASSAULT W/DANGEROUS WEAPON,10
2016,5,26,BURGLARY,6
2016,5,26,HOMICIDE,1
2016,5,26,MOTOR VEHICLE THEFT,7
2016,5,26,ROBBERY,5
2016,5,26,SEX ABUSE,1
2016,5,26,THEFT F/AUTO,33
2016,5,26,THEFT/OTHER,46
2016,5,27,ASSAULT W/DANGEROUS WEAPON,12
2016,5,27,BURGLARY,6
2016,5,27,MOTOR VEHICLE THEFT,6
2016,5,27,ROBBERY,6
2016,5,27,SEX ABUSE,2
2016,5,27,THEFT F/AUTO,30
2016,5,27,THEFT/OTHER,36
2016,5,28,ASSAULT W/DANGEROUS WEAPON,6
2016,5,28,BURGLARY,2
2016,5,28,MOTOR VEHICLE THEFT,8
2016,5,28,ROBBERY,11
2016,5,28,THEFT F/AUTO,23
2016,5,28,THEFT/OTHER,24
2016,5,29,ASSAULT W/DANGEROUS WEAPON,8
2016,5,29,BURGLARY,3
2016,5,29,HOMICIDE,1
2016,5,29,MOTOR VEHICLE THEFT,6
2016,5,29,ROBBERY,9
2016,5,29,THEFT F/AUTO,32
2016,5,29,THEFT/OTHER,33
2016,5,30,ASSAULT W/DANGEROUS WEAPON,2
2016,5,30,BURGLARY,7
2016,5,30,HOMICIDE,2
2016,5,30,MOTOR VEHICLE THEFT,11
2016,5,30,ROBBERY,14
2016,5,30,THEFT F/AUTO,38
2016,5,30,THEFT/OTHER,35
2016,5,31,ASSAULT W/DANGEROUS WEAPON,12
2016,5,31,BURGLARY,11
2016,5,31,MOTOR VEHICLE THEFT,11
2016,5,31,ROBBERY,15
2016,5,31,SEX ABUSE,1
2016,5,31,THEFT F/AUTO,36
2016,5,31,THEFT/OTHER,40
2016,6,1,ASSAULT W/DANGEROUS WEAPON,7
2016,6,1,BURGLARY,8
2016,6,1,MOTOR VEHICLE THEFT,9
2016,6,1,ROBBERY,8
2016,6,1,THEFT F/AUTO,25
2016,6,1,THEFT/OTHER,40
2016,6,2,ASSAULT W/DANGEROUS WEAPON,6
2016,6,2,BURGLARY,2
2016,6,2,MOTOR VEHICLE THEFT,11
2016,6,2,ROBBERY,7
2016,6,2,THEFT F/AUTO,41
2016,6,2,THEFT/OTHER,34
2016,6,3,ASSAULT W/DANGEROUS WEAPON,8
2016,6,3,BURGLARY,7
2016,6,3,HOMICIDE,1
2016,6,3,MOTOR VEHICLE THEFT,9
2016,6,3,ROBBERY,3
2016,6,3,SEX ABUSE,1
2016,6,3,THEFT F/AUTO,27
2016,6,3,THEFT/OTHER,41
2016,6,4,ASSAULT W/DANGEROUS WEAPON,3
2016,6,4,BURGLARY,3
2016,6,4,MOTOR VEHICLE THEFT,13
2016,6,4,ROBBERY,7
2016,6,4,SEX ABUSE,1
2016,6,4,THEFT F/AUTO,33
2016,6,4,THEFT/OTHER,33
2016,6,5,ASSAULT W/DANGEROUS WEAPON,6
2016,6,5,BURGLARY,4
2016,6,5,MOTOR VEHICLE THEFT,6
2016,6,5,ROBBERY,7
2016,6,5,THEFT F/AUTO,28
2016,6,5,THEFT/OTHER,26
2016,6,6,ASSAULT W/DANGEROUS WEAPON,7
2016,6,6,BURGLARY,15
2016,6,6,HOMICIDE,1
2016,6,6,MOTOR VEHICLE THEFT,8
2016,6,6,ROBBERY,5
2016,6,6,THEFT F/AUTO,27
2016,6,6,THEFT/OTHER,36
2016,6,7,ASSAULT W/DANGEROUS WEAPON,11
2016,6,7,BURGLARY,8
2016,6,7,MOTOR VEHICLE THEFT,12
2016,6,7,ROBBERY,3
2016,6,7,THEFT F/AUTO,26
2016,6,7,THEFT/OTHER,45
2016,6,8,ASSAULT W/DANGEROUS WEAPON,9
2016,6,8,BURGLARY,8
2016,6,8,MOTOR VEHICLE THEFT,12
2016,6,8,ROBBERY,8
2016,6,8,THEFT F/AUTO,23
2016,6,8,THEFT/OTHER,26
2016,6,9,ASSAULT W/DANGEROUS WEAPON,7
2016,6,9,BURGLARY,8
2016,6,9,HOMICIDE,1
2016,6,9,MOTOR VEHICLE THEFT,6
2016,6,9,ROBBERY,7
2016,6,9,SEX ABUSE,2
2016,6,9,THEFT F/AUTO,38
2016,6,9,THEFT/OTHER,46
2016,6,10,ASSAULT W/DANGEROUS WEAPON,11
2016,6,10,BURGLARY,7
2016,6,10,MOTOR VEHICLE THEFT,8
2016,6,10,ROBBERY,8
2016,6,10,SEX ABUSE,3
2016,6,10,THEFT F/AUTO,38
2016,6,10,THEFT/OTHER,43
2016,6,11,ASSAULT W/DANGEROUS WEAPON,15
2016,6,11,BURGLARY,5
2016,6,11,MOTOR VEHICLE THEFT,6
2016,6,11,ROBBERY,7
2016,6,11,THEFT F/AUTO,32
2016,6,11,THEFT/OTHER,28
2016,6,12,ASSAULT W/DANGEROUS WEAPON,11
2016,6,12,BURGLARY,2
2016,6,12,HOMICIDE,1
2016,6,12,MOTOR VEHICLE THEFT,5
2016,6,12,ROBBERY,10
2016,6,12,SEX ABUSE,1
2016,6,12,THEFT F/AUTO,49
2016,6,12,THEFT/OTHER,30
2016,6,13,ASSAULT W/DANGEROUS WEAPON,11
2016,6,13,BURGLARY,6
2016,6,13,MOTOR VEHICLE THEFT,8
2016,6,13,ROBBERY,13
2016,6,13,SEX ABUSE,1
2016,6,13,THEFT F/AUTO,39
2016,6,13,THEFT/OTHER,37
2016,6,14,ASSAULT W/DANGEROUS WEAPON,12
2016,6,14,BURGLARY,7
2016,6,14,HOMICIDE,1
2016,6,14,MOTOR VEHICLE THEFT,10
2016,6,14,ROBBERY,4
2016,6,14,SEX ABUSE,1
2016,6,14,THEFT F/AUTO,31
2016,6,14,THEFT/OTHER,35
2016,6,15,ASSAULT W/DANGEROUS WEAPON,11
2016,6,15,BURGLARY,7
2016,6,15,HOMICIDE,1
2016,6,15,MOTOR VEHICLE THEFT,7
2016,6,15,ROBBERY,13
2016,6,15,SEX ABUSE,3
2016,6,15,THEFT F/AUTO,40
2016,6,15,THEFT/OTHER,38
2016,6,16,ASSAULT W/DANGEROUS WEAPON,8
2016,6,16,BURGLARY,9
2016,6,16,MOTOR VEHICLE THEFT,5
2016,6,16,ROBBERY,13
2016,6,16,SEX ABUSE,1
2016,6,16,THEFT F/AUTO,25
2016,6,16,THEFT/OTHER,56
2016,6,17,ASSAULT W/DANGEROUS WEAPON,7
2016,6,17,BURGLARY,4
2016,6,17,MOTOR VEHICLE THEFT,6
2016,6,17,ROBBERY,12
2016,6,17,THEFT F/AUTO,45
2016,6,17,THEFT/OTHER,53
2016,6,18,ASSAULT W/DANGEROUS WEAPON,9
2016,6,18,HOMICIDE,1
2016,6,18,MOTOR VEHICLE THEFT,4
2016,6,18,ROBBERY,7
2016,6,18,SEX ABUSE,1
2016,6,18,THEFT F/AUTO,43
2016,6,18,THEFT/OTHER,49
2016,6,19,ASSAULT W/DANGEROUS WEAPON,12
2016,6,19,BURGLARY,7
2016,6,19,MOTOR VEHICLE THEFT,8
2016,6,19,ROBBERY,9
2016,6,19,SEX ABUSE,1
2016,6,19,THEFT F/AUTO,31
2016,6,19,THEFT/OTHER,28
2016,6,20,ASSAULT W/DANGEROUS WEAPON,2
2016,6,20,BURGLARY,6
2016,6,20,HOMICIDE,1
2016,6,20,MOTOR VEHICLE THEFT,5
2016,6,20,ROBBERY,6
2016,6,20,THEFT F/AUTO,20
2016,6,20,THEFT/OTHER,47
2016,6,21,ASSAULT W/DANGEROUS WEAPON,9
2016,6,21,BURGLARY,5
2016,6,21,MOTOR VEHICLE THEFT,7
2016,6,21,ROBBERY,11
2016,6,21,SEX ABUSE,2
2016,6,21,THEFT F/AUTO,41
2016,6,21,THEFT/OTHER,55
2016,6,22,ARSON,1
2016,6,22,ASSAULT W/DANGEROUS WEAPON,9
2016,6,22,BURGLARY,9
2016,6,22,MOTOR VEHICLE THEFT,7
2016,6,22,ROBBERY,8
2016,6,22,SEX ABUSE,1
2016,6,22,THEFT F/AUTO,30
2016,6,22,THEFT/OTHER,68
2016,6,23,ASSAULT W/DANGEROUS WEAPON,8
2016,6,23,BURGLARY,11
2016,6,23,MOTOR VEHICLE THEFT,7
2016,6,23,ROBBERY,9
2016,6,23,THEFT F/AUTO,31
2016,6,23,THEFT/OTHER,60
2016,6,24,ASSAULT W/DANGEROUS WEAPON,6
2016,6,24,BURGLARY,7
2016,6,24,MOTOR VEHICLE THEFT,8
2016,6,24,ROBBERY,6
2016,6,24,SEX ABUSE,2
2016,6,24,THEFT F/AUTO,21
2016,6,24,THEFT/OTHER,65
2016,6,25,ASSAULT W/DANGEROUS WEAPON,10
2016,6,25,BURGLARY,8
2016,6,25,MOTOR VEHICLE THEFT,5
2016,6,25,ROBBERY,5
2016,6,25,SEX ABUSE,3
2016,6,25,THEFT F/AUTO,26
2016,6,25,THEFT/OTHER,39
2016,6,26,ASSAULT W/DANGEROUS WEAPON,9
2016,6,26,BURGLARY,9
2016,6,26,HOMICIDE,1
2016,6,26,MOTOR VEHICLE THEFT,9
2016,6,26,ROBBERY,5
2016,6,26,SEX ABUSE,3
2016,6,26,THEFT F/AUTO,40
2016,6,26,THEFT/OTHER,36
2016,6,27,ASSAULT W/DANGEROUS WEAPON,7
2016,6,27,BURGLARY,8
2016,6,27,MOTOR VEHICLE THEFT,17
2016,6,27,ROBBERY,10
2016,6,27,SEX ABUSE,1
2016,6,27,THEFT F/AUTO,22
2016,6,27,THEFT/OTHER,52
2016,6,28,ASSAULT W/DANGEROUS WEAPON,10
2016,6,28,BURGLARY,8
2016,6,28,MOTOR VEHICLE THEFT,10
2016,6,28,ROBBERY,10
2016,6,28,SEX ABUSE,1
2016,6,28,THEFT F/AUTO,32
2016,6,28,THEFT/OTHER,43
2016,6,29,ASSAULT W/DANGEROUS WEAPON,4
2016,6,29,BURGLARY,5
2016,6,29,HOMICIDE,1
2016,6,29,MOTOR VEHICLE THEFT,7
2016,6,29,ROBBERY,13
2016,6,29,THEFT F/AUTO,23
2016,6,29,THEFT/OTHER,48
2016,6,30,ASSAULT W/DANGEROUS WEAPON,6
2016,6,30,BURGLARY,7
2016,6,30,MOTOR VEHICLE THEFT,6
2016,6,30,ROBBERY,12
2016,6,30,THEFT F/AUTO,29
2016,6,30,THEFT/OTHER,55
2016,7,1,ASSAULT W/DANGEROUS WEAPON,5
2016,7,1,BURGLARY,7
2016,7,1,MOTOR VEHICLE THEFT,7
2016,7,1,ROBBERY,11
2016,7,1,SEX ABUSE,2
2016,7,1,THEFT F/AUTO,41
2016,7,1,THEFT/OTHER,36
2016,7,2,ASSAULT W/DANGEROUS WEAPON,10
2016,7,2,BURGLARY,4
2016,7,2,HOMICIDE,2
2016,7,2,MOTOR VEHICLE THEFT,7
2016,7,2,ROBBERY,8
2016,7,2,SEX ABUSE,2
2016,7,2,THEFT F/AUTO,25
2016,7,2,THEFT/OTHER,49
2016,7,3,ASSAULT W/DANGEROUS WEAPON,8
2016,7,3,BURGLARY,3
2016,7,3,HOMICIDE,1
2016,7,3,MOTOR VEHICLE THEFT,3
2016,7,3,ROBBERY,8
2016,7,3,THEFT F/AUTO,32
2016,7,3,THEFT/OTHER,27
2016,7,4,ASSAULT W/DANGEROUS WEAPON,8
2016,7,4,BURGLARY,6
2016,7,4,MOTOR VEHICLE THEFT,8
2016,7,4,ROBBERY,9
2016,7,4,THEFT F/AUTO,25
2016,7,4,THEFT/OTHER,32
2016,7,5,ASSAULT W/DANGEROUS WEAPON,12
2016,7,5,BURGLARY,4
2016,7,5,MOTOR VEHICLE THEFT,5
2016,7,5,ROBBERY,9
2016,7,5,SEX ABUSE,2
2016,7,5,THEFT F/AUTO,28
2016,7,5,THEFT/OTHER,52
2016,7,6,ASSAULT W/DANGEROUS WEAPON,4
2016,7,6,BURGLARY,5
2016,7,6,MOTOR VEHICLE THEFT,5
2016,7,6,ROBBERY,9
2016,7,6,SEX ABUSE,1
2016,7,6,THEFT F/AUTO,22
2016,7,6,THEFT/OTHER,54
2016,7,7,ASSAULT W/DANGEROUS WEAPON,8
2016,7,7,BURGLARY,5
2016,7,7,MOTOR VEHICLE THEFT,3
2016,7,7,ROBBERY,7
2016,7,7,THEFT F/AUTO,24
2016,7,7,THEFT/OTHER,59
2016,7,8,ASSAULT W/DANGEROUS WEAPON,5
2016,7,8,BURGLARY,6
2016,7,8,MOTOR VEHICLE THEFT,9
2016,7,8,ROBBERY,9
2016,7,8,THEFT F/AUTO,21
2016,7,8,THEFT/OTHER,36
2016,7,9,ASSAULT W/DANGEROUS WEAPON,4
2016,7,9,BURGLARY,6
2016,7,9,HOMICIDE,1
2016,7,9,MOTOR VEHICLE THEFT,7
2016,7,9,ROBBERY,10
2016,7,9,SEX ABUSE,1
2016,7,9,THEFT F/AUTO,27
2016,7,9,THEFT/OTHER,42
2016,7,10,ASSAULT W/DANGEROUS WEAPON,7
2016,7,10,BURGLARY,5
2016,7,10,HOMICIDE,1
2016,7,10,MOTOR VEHICLE THEFT,6
2016,7,10,ROBBERY,7
2016,7,10,SEX ABUSE,3
2016,7,10,THEFT F/AUTO,20
2016,7,10,THEFT/OTHER,42
2016,7,11,ASSAULT W/DANGEROUS WEAPON,4
2016,7,11,BURGLARY,14
2016,7,11,MOTOR VEHICLE THEFT,11
2016,7,11,ROBBERY,7
2016,7,11,SEX ABUSE,1
2016,7,11,THEFT F/AUTO,31
2016,7,11,THEFT/OTHER,60
2016,7,12,ASSAULT W/DANGEROUS WEAPON,9
2016,7,12,BURGLARY,7
2016,7,12,MOTOR VEHICLE THEFT,6
2016,7,12,ROBBERY,11
2016,7,12,SEX ABUSE,2
2016,7,12,THEFT F/AUTO,29
2016,7,12,THEFT/OTHER,35
2016,7,13,ASSAULT W/DANGEROUS WEAPON,7
2016,7,13,BURGLARY,8
2016,7,13,HOMICIDE,1
2016,7,13,MOTOR VEHICLE THEFT,6
2016,7,13,ROBBERY,10
2016,7,13,SEX ABUSE,1
2016,7,13,THEFT F/AUTO,41
2016,7,13,THEFT/OTHER,46
2016,7,14,ASSAULT W/DANGEROUS WEAPON,6
2016,7,14,BURGLARY,9
2016,7,14,MOTOR VEHICLE THEFT,5
2016,7,14,ROBBERY,2
2016,7,14,THEFT F/AUTO,29
2016,7,14,THEFT/OTHER,53
2016,7,15,ASSAULT W/DANGEROUS WEAPON,10
2016,7,15,BURGLARY,6
2016,7,15,HOMICIDE,2
2016,7,15,MOTOR VEHICLE THEFT,7
2016,7,15,ROBBERY,7
2016,7,15,SEX ABUSE,3
2016,7,15,THEFT F/AUTO,35
2016,7,15,THEFT/OTHER,44
2016,7,16,ASSAULT W/DANGEROUS WEAPON,5
2016,7,16,BURGLARY,4
2016,7,16,MOTOR VEHICLE THEFT,13
2016,7,16,ROBBERY,11
2016,7,16,SEX ABUSE,1
2016,7,16,THEFT F/AUTO,31
2016,7,16,THEFT/OTHER,32
2016,7,17,ASSAULT W/DANGEROUS WEAPON,7
2016,7,17,BURGLARY,8
2016,7,17,MOTOR VEHICLE THEFT,7
2016,7,17,ROBBERY,9
2016,7,17,THEFT F/AUTO,31
2016,7,17,THEFT/OTHER,38
2016,7,18,ASSAULT W/DANGEROUS WEAPON,6
2016,7,18,BURGLARY,11
2016,7,18,MOTOR VEHICLE THEFT,7
2016,7,18,ROBBERY,3
2016,7,18,SEX ABUSE,1
2016,7,18,THEFT F/AUTO,23
2016,7,18,THEFT/OTHER,53
2016,7,19,ASSAULT W/DANGEROUS WEAPON,7
2016,7,19,BURGLARY,5
2016,7,19,MOTOR VEHICLE THEFT,7
2016,7,19,ROBBERY,11
2016,7,19,SEX ABUSE,1
2016,7,19,THEFT F/AUTO,39
2016,7,19,THEFT/OTHER,51
2016,7,20,ASSAULT W/DANGEROUS WEAPON,11
2016,7,20,BURGLARY,6
2016,7,20,MOTOR VEHICLE THEFT,7
2016,7,20,ROBBERY,13
2016,7,20,SEX ABUSE,2
2016,7,20,THEFT F/AUTO,27
2016,7,20,THEFT/OTHER,49
2016,7,21,ASSAULT W/DANGEROUS WEAPON,4
2016,7,21,BURGLARY,6
2016,7,21,MOTOR VEHICLE THEFT,15
2016,7,21,ROBBERY,10
2016,7,21,THEFT F/AUTO,32
2016,7,21,THEFT/OTHER,49
2016,7,22,ASSAULT W/DANGEROUS WEAPON,11
2016,7,22,BURGLARY,6
2016,7,22,MOTOR VEHICLE THEFT,15
2016,7,22,ROBBERY,9
2016,7,22,THEFT F/AUTO,34
2016,7,22,THEFT/OTHER,47
2016,7,23,ASSAULT W/DANGEROUS WEAPON,6
2016,7,23,BURGLARY,3
2016,7,23,MOTOR VEHICLE THEFT,10
2016,7,23,ROBBERY,9
2016,7,23,SEX ABUSE,3
2016,7,23,THEFT F/AUTO,33
2016,7,23,THEFT/OTHER,42
2016,7,24,ASSAULT W/DANGEROUS WEAPON,7
2016,7,24,BURGLARY,9
2016,7,24,MOTOR VEHICLE THEFT,10
2016,7,24,ROBBERY,11
2016,7,24,SEX ABUSE,2
2016,7,24,THEFT F/AUTO,17
2016,7,24,THEFT/OTHER,45
2016,7,25,ASSAULT W/DANGEROUS WEAPON,11
2016,7,25,BURGLARY,6
2016,7,25,MOTOR VEHICLE THEFT,8
2016,7,25,ROBBERY,7
2016,7,25,THEFT F/AUTO,32
2016,7,25,THEFT/OTHER,41
2016,7,26,ASSAULT W/DANGEROUS WEAPON,7
2016,7,26,BURGLARY,5
2016,7,26,MOTOR VEHICLE THEFT,10
2016,7,26,ROBBERY,8
2016,7,26,THEFT F/AUTO,30
2016,7,26,THEFT/OTHER,61
2016,7,27,ASSAULT W/DANGEROUS WEAPON,6
2016,7,27,BURGLARY,6
2016,7,27,MOTOR VEHICLE THEFT,7
2016,7,27,ROBBERY,8
2016,7,27,SEX ABUSE,1
2016,7,27,THEFT F/AUTO,22
2016,7,27,THEFT/OTHER,49
2016,7,28,ASSAULT W/DANGEROUS WEAPON,4
2016,7,28,BURGLARY,3
2016,7,28,MOTOR VEHICLE THEFT,8
2016,7,28,ROBBERY,12
2016,7,28,SEX ABUSE,3
2016,7,28,THEFT F/AUTO,20
2016,7,28,THEFT/OTHER,38
2016,7,29,ASSAULT W/DANGEROUS WEAPON,4
2016,7,29,BURGLARY,6
2016,7,29,MOTOR VEHICLE THEFT,5
2016,7,29,ROBBERY,8
2016,7,29,SEX ABUSE,2
2016,7,29,THEFT F/AUTO,31
2016,7,29,THEFT/OTHER,38
2016,7,30,ASSAULT W/DANGEROUS WEAPON,10
2016,7,30,BURGLARY,4
2016,7,30,HOMICIDE,2
2016,7,30,MOTOR VEHICLE THEFT,8
2016,7,30,ROBBERY,10
2016,7,30,SEX ABUSE,2
2016,7,30,THEFT F/AUTO,49
2016,7,30,THEFT/OTHER,33
2016,7,31,ASSAULT W/DANGEROUS WEAPON,9
2016,7,31,BURGLARY,4
2016,7,31,HOMICIDE,1
2016,7,31,MOTOR VEHICLE THEFT,13
2016,7,31,ROBBERY,10
2016,7,31,SEX ABUSE,5
2016,7,31,THEFT F/AUTO,43
2016,7,31,THEFT/OTHER,42
2016,8,1,ASSAULT W/DANGEROUS WEAPON,5
2016,8,1,BURGLARY,10
2016,8,1,MOTOR VEHICLE THEFT,6
2016,8,1,ROBBERY,7
2016,8,1,SEX ABUSE,1
2016,8,1,THEFT F/AUTO,26
2016,8,1,THEFT/OTHER,38
2016,8,2,ASSAULT W/DANGEROUS WEAPON,5
2016,8,2,BURGLARY,5
2016,8,2,HOMICIDE,1
2016,8,2,MOTOR VEHICLE THEFT,9
2016,8,2,ROBBERY,5
2016,8,2,SEX ABUSE,2
2016,8,2,THEFT F/AUTO,26
2016,8,2,THEFT/OTHER,40
2016,8,3,ASSAULT W/DANGEROUS WEAPON,8
2016,8,3,BURGLARY,5
2016,8,3,HOMICIDE,2
2016,8,3,MOTOR VEHICLE THEFT,5
2016,8,3,ROBBERY,10
2016,8,3,SEX ABUSE,2
2016,8,3,THEFT F/AUTO,25
2016,8,3,THEFT/OTHER,41
2016,8,4,ASSAULT W/DANGEROUS WEAPON,1
2016,8,4,BURGLARY,3
2016,8,4,MOTOR VEHICLE THEFT,5
2016,8,4,ROBBERY,2
2016,8,4,THEFT F/AUTO,30
2016,8,4,THEFT/OTHER,42
2016,8,5,ASSAULT W/DANGEROUS WEAPON,6
2016,8,5,BURGLARY,5
2016,8,5,MOTOR VEHICLE THEFT,12
2016,8,5,ROBBERY,11
2016,8,5,THEFT F/AUTO,21
2016,8,5,THEFT/OTHER,38
2016,8,6,ASSAULT W/DANGEROUS WEAPON,6
2016,8,6,BURGLARY,2
2016,8,6,MOTOR VEHICLE THEFT,8
2016,8,6,ROBBERY,6
2016,8,6,SEX ABUSE,1
2016,8,6,THEFT F/AUTO,20
2016,8,6,THEFT/OTHER,26
2016,8,7,ASSAULT W/DANGEROUS WEAPON,10
2016,8,7,BURGLARY,5
2016,8,7,HOMICIDE,1
2016,8,7,MOTOR VEHICLE THEFT,9
2016,8,7,ROBBERY,2
2016,8,7,SEX ABUSE,1
2016,8,7,THEFT F/AUTO,31
2016,8,7,THEFT/OTHER,36
2016,8,8,ASSAULT W/DANGEROUS WEAPON,4
2016,8,8,BURGLARY,3
2016,8,8,HOMICIDE,2
2016,8,8,MOTOR VEHICLE THEFT,11
2016,8,8,ROBBERY,7
2016,8,8,SEX ABUSE,1
2016,8,8,THEFT F/AUTO,28
2016,8,8,THEFT/OTHER,42
2016,8,9,ASSAULT W/DANGEROUS WEAPON,6
2016,8,9,BURGLARY,4
2016,8,9,MOTOR VEHICLE THEFT,5
2016,8,9,ROBBERY,4
2016,8,9,SEX ABUSE,1
2016,8,9,THEFT F/AUTO,37
2016,8,9,THEFT/OTHER,44
2016,8,10,ASSAULT W/DANGEROUS WEAPON,2
2016,8,10,BURGLARY,4
2016,8,10,HOMICIDE,4
2016,8,10,MOTOR VEHICLE THEFT,4
2016,8,10,ROBBERY,3
2016,8,10,SEX ABUSE,1
2016,8,10,THEFT F/AUTO,29
2016,8,10,THEFT/OTHER,37
2016,8,11,ASSAULT W/DANGEROUS WEAPON,7
2016,8,11,BURGLARY,3
2016,8,11,HOMICIDE,1
2016,8,11,MOTOR VEHICLE THEFT,4
2016,8,11,ROBBERY,7
2016,8,11,SEX ABUSE,2
2016,8,11,THEFT F/AUTO,28
2016,8,11,THEFT/OTHER,30
2016,8,12,ASSAULT W/DANGEROUS WEAPON,9
2016,8,12,BURGLARY,5
2016,8,12,MOTOR VEHICLE THEFT,7
2016,8,12,ROBBERY,5
2016,8,12,THEFT F/AUTO,22
2016,8,12,THEFT/OTHER,46
2016,8,13,ASSAULT W/DANGEROUS WEAPON,5
2016,8,13,BURGLARY,6
2016,8,13,HOMICIDE,1
2016,8,13,MOTOR VEHICLE THEFT,9
2016,8,13,ROBBERY,9
2016,8,13,THEFT F/AUTO,29
2016,8,13,THEFT/OTHER,38
2016,8,14,ASSAULT W/DANGEROUS WEAPON,8
2016,8,14,BURGLARY,3
2016,8,14,MOTOR VEHICLE THEFT,5
2016,8,14,ROBBERY,13
2016,8,14,THEFT F/AUTO,15
2016,8,14,THEFT/OTHER,40
2016,8,15,ASSAULT W/DANGEROUS WEAPON,6
2016,8,15,BURGLARY,8
2016,8,15,MOTOR VEHICLE THEFT,10
2016,8,15,ROBBERY,2
2016,8,15,SEX ABUSE,1
2016,8,15,THEFT F/AUTO,21
2016,8,15,THEFT/OTHER,56
2016,8,16,ASSAULT W/DANGEROUS WEAPON,7
2016,8,16,BURGLARY,3
2016,8,16,MOTOR VEHICLE THEFT,6
2016,8,16,ROBBERY,10
2016,8,16,SEX ABUSE,2
2016,8,16,THEFT F/AUTO,21
2016,8,16,THEFT/OTHER,40
2016,8,17,ASSAULT W/DANGEROUS WEAPON,12
2016,8,17,BURGLARY,7
2016,8,17,MOTOR VEHICLE THEFT,12
2016,8,17,ROBBERY,5
2016,8,17,THEFT F/AUTO,27
2016,8,17,THEFT/OTHER,55
2016,8,18,ASSAULT W/DANGEROUS WEAPON,7
2016,8,18,BURGLARY,2
2016,8,18,MOTOR VEHICLE THEFT,10
2016,8,18,ROBBERY,5
2016,8,18,THEFT F/AUTO,27
2016,8,18,THEFT/OTHER,59
2016,8,19,ASSAULT W/DANGEROUS WEAPON,5
2016,8,19,BURGLARY,5
2016,8,19,MOTOR VEHICLE THEFT,8
2016,8,19,ROBBERY,5
2016,8,19,THEFT F/AUTO,27
2016,8,19,THEFT/OTHER,31
2016,8,20,ASSAULT W/DANGEROUS WEAPON,4
2016,8,20,BURGLARY,4
2016,8,20,MOTOR VEHICLE THEFT,8
2016,8,20,ROBBERY,15
2016,8,20,SEX ABUSE,1
2016,8,20,THEFT F/AUTO,34
2016,8,20,THEFT/OTHER,31
2016,8,21,ASSAULT W/DANGEROUS WEAPON,8
2016,8,21,BURGLARY,9
2016,8,21,HOMICIDE,1
2016,8,21,MOTOR VEHICLE THEFT,9
2016,8,21,ROBBERY,7
2016,8,21,THEFT F/AUTO,40
2016,8,21,THEFT/OTHER,31
2016,8,22,ASSAULT W/DANGEROUS WEAPON,3
2016,8,22,BURGLARY,8
2016,8,22,MOTOR VEHICLE THEFT,9
2016,8,22,ROBBERY,4
2016,8,22,SEX ABUSE,1
2016,8,22,THEFT F/AUTO,33
2016,8,22,THEFT/OTHER,56
2016,8,23,ASSAULT W/DANGEROUS WEAPON,4
2016,8,23,BURGLARY,6
2016,8,23,MOTOR VEHICLE THEFT,6
2016,8,23,ROBBERY,11
2016,8,23,SEX ABUSE,1
2016,8,23,THEFT F/AUTO,30
2016,8,23,THEFT/OTHER,39
2016,8,24,ASSAULT W/DANGEROUS WEAPON,2
2016,8,24,BURGLARY,10
2016,8,24,MOTOR VEHICLE THEFT,5
2016,8,24,ROBBERY,10
2016,8,24,SEX ABUSE,3
2016,8,24,THEFT F/AUTO,26
2016,8,24,THEFT/OTHER,49
2016,8,25,ASSAULT W/DANGEROUS WEAPON,7
2016,8,25,BURGLARY,7
2016,8,25,MOTOR VEHICLE THEFT,7
2016,8,25,ROBBERY,6
2016,8,25,THEFT F/AUTO,21
2016,8,25,THEFT/OTHER,51
2016,8,26,ASSAULT W/DANGEROUS WEAPON,4
2016,8,26,BURGLARY,5
2016,8,26,MOTOR VEHICLE THEFT,13
2016,8,26,ROBBERY,11
2016,8,26,SEX ABUSE,1
2016,8,26,THEFT F/AUTO,23
2016,8,26,THEFT/OTHER,55
2016,8,27,ASSAULT W/DANGEROUS WEAPON,10
2016,8,27,BURGLARY,5
2016,8,27,HOMICIDE,2
2016,8,27,MOTOR VEHICLE THEFT,7
2016,8,27,ROBBERY,18
2016,8,27,SEX ABUSE,1
2016,8,27,THEFT F/AUTO,32
2016,8,27,THEFT/OTHER,43
2016,8,28,ASSAULT W/DANGEROUS WEAPON,12
2016,8,28,BURGLARY,7
2016,8,28,MOTOR VEHICLE THEFT,5
2016,8,28,ROBBERY,8
2016,8,28,SEX ABUSE,3
2016,8,28,THEFT F/AUTO,34
2016,8,28,THEFT/OTHER,41
2016,8,29,ASSAULT W/DANGEROUS WEAPON,6
2016,8,29,BURGLARY,6
2016,8,29,HOMICIDE,1
2016,8,29,MOTOR VEHICLE THEFT,6
2016,8,29,ROBBERY,7
2016,8,29,SEX ABUSE,3
2016,8,29,THEFT F/AUTO,29
2016,8,29,THEFT/OTHER,38
2016,8,30,ASSAULT W/DANGEROUS WEAPON,8
2016,8,30,BURGLARY,5
2016,8,30,HOMICIDE,1
2016,8,30,MOTOR VEHICLE THEFT,10
2016,8,30,ROBBERY,11
2016,8,30,SEX ABUSE,2
2016,8,30,THEFT F/AUTO,20
2016,8,30,THEFT/OTHER,55
2016,8,31,ASSAULT W/DANGEROUS WEAPON,7
2016,8,31,BURGLARY,1
2016,8,31,MOTOR VEHICLE THEFT,10
2016,8,31,ROBBERY,9
2016,8,31,THEFT F/AUTO,26
2016,8,31,THEFT/OTHER,33
2016,9,1,ASSAULT W/DANGEROUS WEAPON,7
2016,9,1,BURGLARY,7
2016,9,1,MOTOR VEHICLE THEFT,11
2016,9,1,ROBBERY,5
2016,9,1,SEX ABUSE,1
2016,9,1,THEFT F/AUTO,24
2016,9,1,THEFT/OTHER,33
2016,9,2,ASSAULT W/DANGEROUS WEAPON,2
2016,9,2,BURGLARY,3
2016,9,2,HOMICIDE,3
2016,9,2,MOTOR VEHICLE THEFT,7
2016,9,2,ROBBERY,4
2016,9,2,SEX ABUSE,1
2016,9,2,THEFT F/AUTO,18
2016,9,2,THEFT/OTHER,40
2016,9,3,ASSAULT W/DANGEROUS WEAPON,2
2016,9,3,BURGLARY,12
2016,9,3,MOTOR VEHICLE THEFT,8
2016,9,3,ROBBERY,15
2016,9,3,SEX ABUSE,2
2016,9,3,THEFT F/AUTO,20
2016,9,3,THEFT/OTHER,28
2016,9,4,ASSAULT W/DANGEROUS WEAPON,8
2016,9,4,BURGLARY,1
2016,9,4,MOTOR VEHICLE THEFT,8
2016,9,4,ROBBERY,8
2016,9,4,SEX ABUSE,1
2016,9,4,THEFT F/AUTO,35
2016,9,4,THEFT/OTHER,40
2016,9,5,ASSAULT W/DANGEROUS WEAPON,3
2016,9,5,BURGLARY,11
2016,9,5,MOTOR VEHICLE THEFT,6
2016,9,5,ROBBERY,5
2016,9,5,THEFT F/AUTO,19
2016,9,5,THEFT/OTHER,46
2016,9,6,ASSAULT W/DANGEROUS WEAPON,6
2016,9,6,BURGLARY,9
2016,9,6,HOMICIDE,1
2016,9,6,MOTOR VEHICLE THEFT,9
2016,9,6,ROBBERY,8
2016,9,6,THEFT F/AUTO,24
2016,9,6,THEFT/OTHER,50
2016,9,7,ASSAULT W/DANGEROUS WEAPON,10
2016,9,7,BURGLARY,6
2016,9,7,MOTOR VEHICLE THEFT,7
2016,9,7,ROBBERY,11
2016,9,7,THEFT F/AUTO,24
2016,9,7,THEFT/OTHER,47
2016,9,8,ASSAULT W/DANGEROUS WEAPON,8
2016,9,8,BURGLARY,7
2016,9,8,MOTOR VEHICLE THEFT,9
2016,9,8,ROBBERY,7
2016,9,8,THEFT F/AUTO,14
2016,9,8,THEFT/OTHER,38
2016,9,9,ASSAULT W/DANGEROUS WEAPON,5
2016,9,9,HOMICIDE,1
2016,9,9,MOTOR VEHICLE THEFT,9
2016,9,9,ROBBERY,15
2016,9,9,SEX ABUSE,2
2016,9,9,THEFT F/AUTO,22
2016,9,9,THEFT/OTHER,38
2016,9,10,ASSAULT W/DANGEROUS WEAPON,9
2016,9,10,BURGLARY,5
2016,9,10,MOTOR VEHICLE THEFT,12
2016,9,10,ROBBERY,10
2016,9,10,SEX ABUSE,1
2016,9,10,THEFT F/AUTO,33
2016,9,10,THEFT/OTHER,34
2016,9,11,ASSAULT W/DANGEROUS WEAPON,9
2016,9,11,BURGLARY,1
2016,9,11,MOTOR VEHICLE THEFT,5
2016,9,11,ROBBERY,6
2016,9,11,SEX ABUSE,2
2016,9,11,THEFT F/AUTO,37
2016,9,11,THEFT/OTHER,45
2016,9,12,ASSAULT W/DANGEROUS WEAPON,3
2016,9,12,BURGLARY,5
2016,9,12,MOTOR VEHICLE THEFT,7
2016,9,12,ROBBERY,7
2016,9,12,SEX ABUSE,2
2016,9,12,THEFT F/AUTO,21
2016,9,12,THEFT/OTHER,40
2016,9,13,ASSAULT W/DANGEROUS WEAPON,5
2016,9,13,BURGLARY,9
2016,9,13,HOMICIDE,1
2016,9,13,MOTOR VEHICLE THEFT,10
2016,9,13,ROBBERY,10
2016,9,13,SEX ABUSE,1
2016,9,13,THEFT F/AUTO,26
2016,9,13,THEFT/OTHER,40
2016,9,14,ASSAULT W/DANGEROUS WEAPON,5
2016,9,14,BURGLARY,9
2016,9,14,HOMICIDE,1
2016,9,14,MOTOR VEHICLE THEFT,4
2016,9,14,ROBBERY,4
2016,9,14,SEX ABUSE,2
2016,9,14,THEFT F/AUTO,15
2016,9,14,THEFT/OTHER,33
2016,9,15,ASSAULT W/DANGEROUS WEAPON,3
2016,9,15,BURGLARY,14
2016,9,15,MOTOR VEHICLE THEFT,4
2016,9,15,ROBBERY,13
2016,9,15,SEX ABUSE,1
2016,9,15,THEFT F/AUTO,24
2016,9,15,THEFT/OTHER,38
2016,9,16,ASSAULT W/DANGEROUS WEAPON,4
2016,9,16,BURGLARY,11
2016,9,16,HOMICIDE,1
2016,9,16,MOTOR VEHICLE THEFT,10
2016,9,16,ROBBERY,5
2016,9,16,SEX ABUSE,4
2016,9,16,THEFT F/AUTO,37
2016,9,16,THEFT/OTHER,49
2016,9,17,ASSAULT W/DANGEROUS WEAPON,8
2016,9,17,BURGLARY,7
2016,9,17,HOMICIDE,3
2016,9,17,MOTOR VEHICLE THEFT,5
2016,9,17,ROBBERY,16
2016,9,17,THEFT F/AUTO,25
2016,9,17,THEFT/OTHER,53
2016,9,18,ASSAULT W/DANGEROUS WEAPON,4
2016,9,18,BURGLARY,7
2016,9,18,HOMICIDE,1
2016,9,18,MOTOR VEHICLE THEFT,6
2016,9,18,ROBBERY,12
2016,9,18,SEX ABUSE,1
2016,9,18,THEFT F/AUTO,36
2016,9,18,THEFT/OTHER,34
2016,9,19,ASSAULT W/DANGEROUS WEAPON,4
2016,9,19,BURGLARY,7
2016,9,19,MOTOR VEHICLE THEFT,10
2016,9,19,ROBBERY,5
2016,9,19,THEFT F/AUTO,22
2016,9,19,THEFT/OTHER,49
2016,9,20,ASSAULT W/DANGEROUS WEAPON,9
2016,9,20,BURGLARY,7
2016,9,20,MOTOR VEHICLE THEFT,5
2016,9,20,ROBBERY,9
2016,9,20,SEX ABUSE,2
2016,9,20,THEFT F/AUTO,18
2016,9,20,THEFT/OTHER,61
2016,9,21,ASSAULT W/DANGEROUS WEAPON,6
2016,9,21,BURGLARY,13
2016,9,21,MOTOR VEHICLE THEFT,7
2016,9,21,ROBBERY,10
2016,9,21,THEFT F/AUTO,29
2016,9,21,THEFT/OTHER,59
2016,9,22,ASSAULT W/DANGEROUS WEAPON,6
2016,9,22,BURGLARY,14
2016,9,22,MOTOR VEHICLE THEFT,12
2016,9,22,ROBBERY,9
2016,9,22,THEFT F/AUTO,24
2016,9,22,THEFT/OTHER,40
2016,9,23,ASSAULT W/DANGEROUS WEAPON,3
2016,9,23,BURGLARY,8
2016,9,23,MOTOR VEHICLE THEFT,5
2016,9,23,ROBBERY,14
2016,9,23,SEX ABUSE,1
2016,9,23,THEFT F/AUTO,39
2016,9,23,THEFT/OTHER,54
2016,9,24,ASSAULT W/DANGEROUS WEAPON,4
2016,9,24,BURGLARY,7
2016,9,24,MOTOR VEHICLE THEFT,7
2016,9,24,ROBBERY,10
2016,9,24,SEX ABUSE,4
2016,9,24,THEFT F/AUTO,35
2016,9,24,THEFT/OTHER,36
2016,9,25,ASSAULT W/DANGEROUS WEAPON,8
2016,9,25,BURGLARY,10
2016,9,25,HOMICIDE,1
2016,9,25,MOTOR VEHICLE THEFT,12
2016,9,25,ROBBERY,12
2016,9,25,THEFT F/AUTO,36
2016,9,25,THEFT/OTHER,37
2016,9,26,ASSAULT W/DANGEROUS WEAPON,4
2016,9,26,BURGLARY,8
2016,9,26,MOTOR VEHICLE THEFT,4
2016,9,26,ROBBERY,13
2016,9,26,SEX ABUSE,3
2016,9,26,THEFT F/AUTO,28
2016,9,26,THEFT/OTHER,52
2016,9,27,ASSAULT W/DANGEROUS WEAPON,9
2016,9,27,BURGLARY,7
2016,9,27,MOTOR VEHICLE THEFT,4
2016,9,27,ROBBERY,9
2016,9,27,SEX ABUSE,2
2016,9,27,THEFT F/AUTO,26
2016,9,27,THEFT/OTHER,50
2016,9,28,ASSAULT W/DANGEROUS WEAPON,5
2016,9,28,BURGLARY,9
2016,9,28,MOTOR VEHICLE THEFT,9
2016,9,28,ROBBERY,8
2016,9,28,SEX ABUSE,2
2016,9,28,THEFT F/AUTO,27
2016,9,28,THEFT/OTHER,47
2016,9,29,ASSAULT W/DANGEROUS WEAPON,7
2016,9,29,BURGLARY,11
2016,9,29,HOMICIDE,1
2016,9,29,MOTOR VEHICLE THEFT,7
2016,9,29,ROBBERY,14
2016,9,29,SEX ABUSE,2
2016,9,29,THEFT F/AUTO,27
2016,9,29,THEFT/OTHER,34
2016,9,30,ASSAULT W/DANGEROUS WEAPON,3
2016,9,30,BURGLARY,7
2016,9,30,MOTOR VEHICLE THEFT,5
2016,9,30,ROBBERY,6
2016,9,30,THEFT F/AUTO,37
2016,9,30,THEFT/OTHER,35
2016,10,1,ASSAULT W/DANGEROUS WEAPON,5
2016,10,1,BURGLARY,2
2016,10,1,MOTOR VEHICLE THEFT,12
2016,10,1,ROBBERY,13
2016,10,1,SEX ABUSE,1
2016,10,1,THEFT F/AUTO,20
2016,10,1,THEFT/OTHER,23
2016,10,2,ASSAULT W/DANGEROUS WEAPON,9
2016,10,2,BURGLARY,3
2016,10,2,MOTOR VEHICLE THEFT,6
2016,10,2,ROBBERY,11
2016,10,2,SEX ABUSE,2
2016,10,2,THEFT F/AUTO,35
2016,10,2,THEFT/OTHER,35
2016,10,3,ASSAULT W/DANGEROUS WEAPON,2
2016,10,3,BURGLARY,16
2016,10,3,MOTOR VEHICLE THEFT,7
2016,10,3,ROBBERY,5
2016,10,3,SEX ABUSE,2
2016,10,3,THEFT F/AUTO,24
2016,10,3,THEFT/OTHER,42
2016,10,4,ASSAULT W/DANGEROUS WEAPON,6
2016,10,4,BURGLARY,10
2016,10,4,MOTOR VEHICLE THEFT,9
2016,10,4,ROBBERY,5
2016,10,4,THEFT F/AUTO,21
2016,10,4,THEFT/OTHER,55
2016,10,5,ASSAULT W/DANGEROUS WEAPON,5
2016,10,5,BURGLARY,9
2016,10,5,MOTOR VEHICLE THEFT,8
2016,10,5,ROBBERY,7
2016,10,5,THEFT F/AUTO,27
2016,10,5,THEFT/OTHER,46
2016,10,6,ASSAULT W/DANGEROUS WEAPON,2
2016,10,6,BURGLARY,10
2016,10,6,HOMICIDE,1
2016,10,6,MOTOR VEHICLE THEFT,7
2016,10,6,ROBBERY,9
2016,10,6,THEFT F/AUTO,34
2016,10,6,THEFT/OTHER,47
2016,10,7,ASSAULT W/DANGEROUS WEAPON,7
2016,10,7,BURGLARY,5
2016,10,7,MOTOR VEHICLE THEFT,9
2016,10,7,ROBBERY,7
2016,10,7,THEFT F/AUTO,29
2016,10,7,THEFT/OTHER,28
2016,10,8,ASSAULT W/DANGEROUS WEAPON,4
2016,10,8,BURGLARY,3
2016,10,8,MOTOR VEHICLE THEFT,8
2016,10,8,ROBBERY,7
2016,10,8,THEFT F/AUTO,42
2016,10,8,THEFT/OTHER,28
2016,10,9,ASSAULT W/DANGEROUS WEAPON,5
2016,10,9,BURGLARY,7
2016,10,9,MOTOR VEHICLE THEFT,7
2016,10,9,ROBBERY,10
2016,10,9,THEFT F/AUTO,28
2016,10,9,THEFT/OTHER,41
2016,10,10,ASSAULT W/DANGEROUS WEAPON,5
2016,10,10,BURGLARY,4
2016,10,10,MOTOR VEHICLE THEFT,8
2016,10,10,ROBBERY,10
2016,10,10,THEFT F/AUTO,26
2016,10,10,THEFT/OTHER,37
2016,10,11,ASSAULT W/DANGEROUS WEAPON,3
2016,10,11,BURGLARY,6
2016,10,11,MOTOR VEHICLE THEFT,10
2016,10,11,ROBBERY,10
2016,10,11,SEX ABUSE,3
2016,10,11,THEFT F/AUTO,33
2016,10,11,THEFT/OTHER,44
2016,10,12,ASSAULT W/DANGEROUS WEAPON,4
2016,10,12,BURGLARY,3
2016,10,12,MOTOR VEHICLE THEFT,9
2016,10,12,ROBBERY,2
2016,10,12,THEFT F/AUTO,19
2016,10,12,THEFT/OTHER,49
2016,10,13,ASSAULT W/DANGEROUS WEAPON,4
2016,10,13,BURGLARY,2
2016,10,13,HOMICIDE,1
2016,10,13,MOTOR VEHICLE THEFT,3
2016,10,13,ROBBERY,6
2016,10,13,SEX ABUSE,1
2016,10,13,THEFT F/AUTO,24
2016,10,13,THEFT/OTHER,44
2016,10,14,ARSON,1
2016,10,14,ASSAULT W/DANGEROUS WEAPON,10
2016,10,14,BURGLARY,4
2016,10,14,MOTOR VEHICLE THEFT,8
2016,10,14,ROBBERY,6
2016,10,14,THEFT F/AUTO,34
2016,10,14,THEFT/OTHER,45
2016,10,15,ASSAULT W/DANGEROUS WEAPON,9
2016,10,15,BURGLARY,2
2016,10,15,HOMICIDE,1
2016,10,15,MOTOR VEHICLE THEFT,6
2016,10,15,ROBBERY,7
2016,10,15,SEX ABUSE,2
2016,10,15,THEFT F/AUTO,39
2016,10,15,THEFT/OTHER,41
2016,10,16,ASSAULT W/DANGEROUS WEAPON,9
2016,10,16,BURGLARY,2
2016,10,16,HOMICIDE,1
2016,10,16,MOTOR VEHICLE THEFT,8
2016,10,16,ROBBERY,12
2016,10,16,SEX ABUSE,1
2016,10,16,THEFT F/AUTO,37
2016,10,16,THEFT/OTHER,46
2016,10,17,ASSAULT W/DANGEROUS WEAPON,4
2016,10,17,BURGLARY,8
2016,10,17,HOMICIDE,1
2016,10,17,MOTOR VEHICLE THEFT,11
2016,10,17,ROBBERY,9
2016,10,17,THEFT F/AUTO,38
2016,10,17,THEFT/OTHER,62
2016,10,18,ASSAULT W/DANGEROUS WEAPON,3
2016,10,18,BURGLARY,11
2016,10,18,MOTOR VEHICLE THEFT,8
2016,10,18,ROBBERY,7
2016,10,18,SEX ABUSE,1
2016,10,18,THEFT F/AUTO,30
2016,10,18,THEFT/OTHER,38
2016,10,19,ASSAULT W/DANGEROUS WEAPON,4
2016,10,19,BURGLARY,15
2016,10,19,MOTOR VEHICLE THEFT,5
2016,10,19,ROBBERY,13
2016,10,19,SEX ABUSE,1
2016,10,19,THEFT F/AUTO,34
2016,10,19,THEFT/OTHER,32
2016,10,20,ASSAULT W/DANGEROUS WEAPON,6
2016,10,20,BURGLARY,5
2016,10,20,MOTOR VEHICLE THEFT,10
2016,10,20,ROBBERY,8
2016,10,20,THEFT F/AUTO,34
2016,10,20,THEFT/OTHER,58
2016,10,21,ASSAULT W/DANGEROUS WEAPON,5
2016,10,21,BURGLARY,4
2016,10,21,MOTOR VEHICLE THEFT,9
2016,10,21,ROBBERY,12
2016,10,21,SEX ABUSE,3
2016,10,21,THEFT F/AUTO,35
2016,10,21,THEFT/OTHER,52
2016,10,22,ASSAULT W/DANGEROUS WEAPON,6
2016,10,22,BURGLARY,4
2016,10,22,MOTOR VEHICLE THEFT,4
2016,10,22,ROBBERY,12
2016,10,22,SEX ABUSE,3
2016,10,22,THEFT F/AUTO,49
2016,10,22,THEFT/OTHER,39
2016,10,23,ASSAULT W/DANGEROUS WEAPON,10
2016,10,23,BURGLARY,3
2016,10,23,HOMICIDE,1
2016,10,23,MOTOR VEHICLE THEFT,18
2016,10,23,ROBBERY,6
2016,10,23,SEX ABUSE,1
2016,10,23,THEFT F/AUTO,38
2016,10,23,THEFT/OTHER,29
2016,10,24,ASSAULT W/DANGEROUS WEAPON,9
2016,10,24,BURGLARY,7
2016,10,24,MOTOR VEHICLE THEFT,15
2016,10,24,ROBBERY,6
2016,10,24,THEFT F/AUTO,41
2016,10,24,THEFT/OTHER,58
2016,10,25,ASSAULT W/DANGEROUS WEAPON,10
2016,10,25,BURGLARY,8
2016,10,25,MOTOR VEHICLE THEFT,8
2016,10,25,ROBBERY,11
2016,10,25,THEFT F/AUTO,36
2016,10,25,THEFT/OTHER,58
2016,10,26,ASSAULT W/DANGEROUS WEAPON,3
2016,10,26,BURGLARY,2
2016,10,26,MOTOR VEHICLE THEFT,6
2016,10,26,ROBBERY,3
2016,10,26,SEX ABUSE,1
2016,10,26,THEFT F/AUTO,37
2016,10,26,THEFT/OTHER,43
2016,10,27,ASSAULT W/DANGEROUS WEAPON,6
2016,10,27,BURGLARY,3
2016,10,27,MOTOR VEHICLE THEFT,3
2016,10,27,ROBBERY,3
2016,10,27,SEX ABUSE,1
2016,10,27,THEFT F/AUTO,38
2016,10,27,THEFT/OTHER,44
2016,10,28,ASSAULT W/DANGEROUS WEAPON,8
2016,10,28,BURGLARY,9
2016,10,28,HOMICIDE,1
2016,10,28,MOTOR VEHICLE THEFT,9
2016,10,28,ROBBERY,5
2016,10,28,SEX ABUSE,1
2016,10,28,THEFT F/AUTO,40
2016,10,28,THEFT/OTHER,45
2016,10,29,ASSAULT W/DANGEROUS WEAPON,7
2016,10,29,BURGLARY,5
2016,10,29,MOTOR VEHICLE THEFT,7
2016,10,29,ROBBERY,9
2016,10,29,SEX ABUSE,2
2016,10,29,THEFT F/AUTO,42
2016,10,29,THEFT/OTHER,25
2016,10,30,ASSAULT W/DANGEROUS WEAPON,5
2016,10,30,BURGLARY,7
2016,10,30,MOTOR VEHICLE THEFT,6
2016,10,30,ROBBERY,12
2016,10,30,SEX ABUSE,1
2016,10,30,THEFT F/AUTO,47
2016,10,30,THEFT/OTHER,29
2016,10,31,ASSAULT W/DANGEROUS WEAPON,13
2016,10,31,BURGLARY,4
2016,10,31,HOMICIDE,1
2016,10,31,MOTOR VEHICLE THEFT,4
2016,10,31,ROBBERY,7
2016,10,31,SEX ABUSE,2
2016,10,31,THEFT F/AUTO,65
2016,10,31,THEFT/OTHER,44
2016,11,1,ASSAULT W/DANGEROUS WEAPON,4
2016,11,1,BURGLARY,6
2016,11,1,MOTOR VEHICLE THEFT,4
2016,11,1,ROBBERY,19
2016,11,1,THEFT F/AUTO,28
2016,11,1,THEFT/OTHER,50
2016,11,2,ARSON,1
2016,11,2,ASSAULT W/DANGEROUS WEAPON,3
2016,11,2,BURGLARY,3
2016,11,2,MOTOR VEHICLE THEFT,5
2016,11,2,ROBBERY,4
2016,11,2,SEX ABUSE,4
2016,11,2,THEFT F/AUTO,36
2016,11,2,THEFT/OTHER,38
2016,11,3,ASSAULT W/DANGEROUS WEAPON,4
2016,11,3,BURGLARY,6
2016,11,3,HOMICIDE,1
2016,11,3,MOTOR VEHICLE THEFT,4
2016,11,3,ROBBERY,4
2016,11,3,THEFT F/AUTO,26
2016,11,3,THEFT/OTHER,34
2016,11,4,ASSAULT W/DANGEROUS WEAPON,5
2016,11,4,BURGLARY,5
2016,11,4,MOTOR VEHICLE THEFT,6
2016,11,4,ROBBERY,6
2016,11,4,THEFT F/AUTO,27
2016,11,4,THEFT/OTHER,27
2016,11,5,ASSAULT W/DANGEROUS WEAPON,5
2016,11,5,BURGLARY,3
2016,11,5,MOTOR VEHICLE THEFT,6
2016,11,5,ROBBERY,7
2016,11,5,THEFT F/AUTO,45
2016,11,5,THEFT/OTHER,35
2016,11,6,ASSAULT W/DANGEROUS WEAPON,11
2016,11,6,BURGLARY,8
2016,11,6,MOTOR VEHICLE THEFT,10
2016,11,6,ROBBERY,8
2016,11,6,THEFT F/AUTO,29
2016,11,6,THEFT/OTHER,44
2016,11,7,ASSAULT W/DANGEROUS WEAPON,7
2016,11,7,BURGLARY,7
2016,11,7,MOTOR VEHICLE THEFT,9
2016,11,7,ROBBERY,11
2016,11,7,SEX ABUSE,1
2016,11,7,THEFT F/AUTO,35
2016,11,7,THEFT/OTHER,46
2016,11,8,ASSAULT W/DANGEROUS WEAPON,2
2016,11,8,BURGLARY,5
2016,11,8,MOTOR VEHICLE THEFT,6
2016,11,8,ROBBERY,6
2016,11,8,SEX ABUSE,2
2016,11,8,THEFT F/AUTO,24
2016,11,8,THEFT/OTHER,46
2016,11,9,ASSAULT W/DANGEROUS WEAPON,3
2016,11,9,BURGLARY,9
2016,11,9,HOMICIDE,1
2016,11,9,MOTOR VEHICLE THEFT,10
2016,11,9,ROBBERY,5
2016,11,9,SEX ABUSE,1
2016,11,9,THEFT F/AUTO,31
2016,11,9,THEFT/OTHER,39
2016,11,10,ASSAULT W/DANGEROUS WEAPON,11
2016,11,10,BURGLARY,6
2016,11,10,MOTOR VEHICLE THEFT,3
2016,11,10,ROBBERY,7
2016,11,10,THEFT F/AUTO,32
2016,11,10,THEFT/OTHER,44
2016,11,11,ASSAULT W/DANGEROUS WEAPON,8
2016,11,11,BURGLARY,8
2016,11,11,HOMICIDE,3
2016,11,11,MOTOR VEHICLE THEFT,3
2016,11,11,ROBBERY,6
2016,11,11,SEX ABUSE,2
2016,11,11,THEFT F/AUTO,33
2016,11,11,THEFT/OTHER,33
2016,11,12,ASSAULT W/DANGEROUS WEAPON,6
2016,11,12,BURGLARY,5
2016,11,12,MOTOR VEHICLE THEFT,3
2016,11,12,ROBBERY,7
2016,11,12,THEFT F/AUTO,25
2016,11,12,THEFT/OTHER,27
2016,11,13,ASSAULT W/DANGEROUS WEAPON,7
2016,11,13,BURGLARY,4
2016,11,13,HOMICIDE,1
2016,11,13,MOTOR VEHICLE THEFT,5
2016,11,13,ROBBERY,8
2016,11,13,SEX ABUSE,1
2016,11,13,THEFT F/AUTO,39
2016,11,13,THEFT/OTHER,36
2016,11,14,BURGLARY,4
2016,11,14,HOMICIDE,1
2016,11,14,MOTOR VEHICLE THEFT,8
2016,11,14,ROBBERY,6
2016,11,14,SEX ABUSE,1
2016,11,14,THEFT F/AUTO,38
2016,11,14,THEFT/OTHER,40
2016,11,15,ASSAULT W/DANGEROUS WEAPON,4
2016,11,15,BURGLARY,3
2016,11,15,MOTOR VEHICLE THEFT,5
2016,11,15,ROBBERY,9
2016,11,15,SEX ABUSE,1
2016,11,15,THEFT F/AUTO,37
2016,11,15,THEFT/OTHER,49
2016,11,16,ASSAULT W/DANGEROUS WEAPON,3
2016,11,16,BURGLARY,2
2016,11,16,MOTOR VEHICLE THEFT,7
2016,11,16,ROBBERY,7
2016,11,16,THEFT F/AUTO,26
2016,11,16,THEFT/OTHER,37
2016,11,17,ASSAULT W/DANGEROUS WEAPON,1
2016,11,17,BURGLARY,5
2016,11,17,MOTOR VEHICLE THEFT,6
2016,11,17,ROBBERY,5
2016,11,17,SEX ABUSE,2
2016,11,17,THEFT F/AUTO,32
2016,11,17,THEFT/OTHER,37
2016,11,18,ASSAULT W/DANGEROUS WEAPON,5
2016,11,18,BURGLARY,7
2016,11,18,MOTOR VEHICLE THEFT,2
2016,11,18,ROBBERY,6
2016,11,18,SEX ABUSE,1
2016,11,18,THEFT F/AUTO,38
2016,11,18,THEFT/OTHER,33
2016,11,19,ASSAULT W/DANGEROUS WEAPON,6
2016,11,19,BURGLARY,5
2016,11,19,MOTOR VEHICLE THEFT,10
2016,11,19,ROBBERY,9
2016,11,19,SEX ABUSE,1
2016,11,19,THEFT F/AUTO,44
2016,11,19,THEFT/OTHER,25
2016,11,20,ASSAULT W/DANGEROUS WEAPON,6
2016,11,20,BURGLARY,1
2016,11,20,MOTOR VEHICLE THEFT,7
2016,11,20,ROBBERY,6
2016,11,20,SEX ABUSE,2
2016,11,20,THEFT F/AUTO,37
2016,11,20,THEFT/OTHER,33
2016,11,21,ASSAULT W/DANGEROUS WEAPON,4
2016,11,21,BURGLARY,8
2016,11,21,MOTOR VEHICLE THEFT,7
2016,11,21,ROBBERY,5
2016,11,21,THEFT F/AUTO,41
2016,11,21,THEFT/OTHER,66
2016,11,22,ASSAULT W/DANGEROUS WEAPON,4
2016,11,22,BURGLARY,5
2016,11,22,MOTOR VEHICLE THEFT,8
2016,11,22,ROBBERY,5
2016,11,22,THEFT F/AUTO,40
2016,11,22,THEFT/OTHER,49
2016,11,23,ASSAULT W/DANGEROUS WEAPON,2
2016,11,23,BURGLARY,6
2016,11,23,HOMICIDE,1
2016,11,23,MOTOR VEHICLE THEFT,8
2016,11,23,ROBBERY,6
2016,11,23,SEX ABUSE,1
2016,11,23,THEFT F/AUTO,31
2016,11,23,THEFT/OTHER,37
2016,11,24,ASSAULT W/DANGEROUS WEAPON,4
2016,11,24,BURGLARY,3
2016,11,24,MOTOR VEHICLE THEFT,2
2016,11,24,ROBBERY,8
2016,11,24,THEFT F/AUTO,23
2016,11,24,THEFT/OTHER,16
2016,11,25,ASSAULT W/DANGEROUS WEAPON,3
2016,11,25,BURGLARY,4
2016,11,25,HOMICIDE,1
2016,11,25,MOTOR VEHICLE THEFT,4
2016,11,25,ROBBERY,7
2016,11,25,SEX ABUSE,1
2016,11,25,THEFT F/AUTO,25
2016,11,25,THEFT/OTHER,41
2016,11,26,ASSAULT W/DANGEROUS WEAPON,6
2016,11,26,BURGLARY,7
2016,11,26,MOTOR VEHICLE THEFT,9
2016,11,26,ROBBERY,7
2016,11,26,THEFT F/AUTO,39
2016,11,26,THEFT/OTHER,36
2016,11,27,ASSAULT W/DANGEROUS WEAPON,7
2016,11,27,BURGLARY,6
2016,11,27,HOMICIDE,1
2016,11,27,MOTOR VEHICLE THEFT,5
2016,11,27,ROBBERY,9
2016,11,27,SEX ABUSE,2
2016,11,27,THEFT F/AUTO,57
2016,11,27,THEFT/OTHER,38
2016,11,28,ASSAULT W/DANGEROUS WEAPON,9
2016,11,28,BURGLARY,15
2016,11,28,HOMICIDE,1
2016,11,28,MOTOR VEHICLE THEFT,5
2016,11,28,ROBBERY,11
2016,11,28,SEX ABUSE,2
2016,11,28,THEFT F/AUTO,36
2016,11,28,THEFT/OTHER,55
2016,11,29,ASSAULT W/DANGEROUS WEAPON,4
2016,11,29,BURGLARY,7
2016,11,29,MOTOR VEHICLE THEFT,4
2016,11,29,ROBBERY,7
2016,11,29,THEFT F/AUTO,40
2016,11,29,THEFT/OTHER,46
2016,11,30,ASSAULT W/DANGEROUS WEAPON,3
2016,11,30,BURGLARY,3
2016,11,30,HOMICIDE,1
2016,11,30,MOTOR VEHICLE THEFT,4
2016,11,30,ROBBERY,6
2016,11,30,SEX ABUSE,1
2016,11,30,THEFT F/AUTO,38
2016,11,30,THEFT/OTHER,41
2016,12,1,ASSAULT W/DANGEROUS WEAPON,7
2016,12,1,BURGLARY,7
2016,12,1,HOMICIDE,1
2016,12,1,MOTOR VEHICLE THEFT,6
2016,12,1,ROBBERY,6
2016,12,1,SEX ABUSE,2
2016,12,1,THEFT F/AUTO,34
2016,12,1,THEFT/OTHER,43
2016,12,2,ASSAULT W/DANGEROUS WEAPON,4
2016,12,2,MOTOR VEHICLE THEFT,4
2016,12,2,ROBBERY,10
2016,12,2,SEX ABUSE,1
2016,12,2,THEFT F/AUTO,41
2016,12,2,THEFT/OTHER,46
2016,12,3,ASSAULT W/DANGEROUS WEAPON,7
2016,12,3,BURGLARY,1
2016,12,3,MOTOR VEHICLE THEFT,7
2016,12,3,ROBBERY,3
2016,12,3,SEX ABUSE,1
2016,12,3,THEFT F/AUTO,48
2016,12,3,THEFT/OTHER,26
2016,12,4,ASSAULT W/DANGEROUS WEAPON,5
2016,12,4,BURGLARY,3
2016,12,4,MOTOR VEHICLE THEFT,5
2016,12,4,ROBBERY,6
2016,12,4,SEX ABUSE,2
2016,12,4,THEFT F/AUTO,32
2016,12,4,THEFT/OTHER,29
2016,12,5,ASSAULT W/DANGEROUS WEAPON,3
2016,12,5,BURGLARY,8
2016,12,5,MOTOR VEHICLE THEFT,5
2016,12,5,ROBBERY,9
2016,12,5,SEX ABUSE,1
2016,12,5,THEFT F/AUTO,41
2016,12,5,THEFT/OTHER,39
2016,12,6,ASSAULT W/DANGEROUS WEAPON,2
2016,12,6,BURGLARY,6
2016,12,6,HOMICIDE,1
2016,12,6,MOTOR VEHICLE THEFT,5
2016,12,6,ROBBERY,6
2016,12,6,SEX ABUSE,3
2016,12,6,THEFT F/AUTO,26
2016,12,6,THEFT/OTHER,37
2016,12,7,ASSAULT W/DANGEROUS WEAPON,4
2016,12,7,BURGLARY,7
2016,12,7,MOTOR VEHICLE THEFT,5
2016,12,7,ROBBERY,7
2016,12,7,THEFT F/AUTO,33
2016,12,7,THEFT/OTHER,32
2016,12,8,ASSAULT W/DANGEROUS WEAPON,4
2016,12,8,BURGLARY,4
2016,12,8,HOMICIDE,1
2016,12,8,MOTOR VEHICLE THEFT,7
2016,12,8,ROBBERY,6
2016,12,8,THEFT F/AUTO,34
2016,12,8,THEFT/OTHER,32
2016,12,9,ASSAULT W/DANGEROUS WEAPON,5
2016,12,9,BURGLARY,5
2016,12,9,MOTOR VEHICLE THEFT,4
2016,12,9,ROBBERY,3
2016,12,9,SEX ABUSE,1
2016,12,9,THEFT F/AUTO,40
2016,12,9,THEFT/OTHER,31
2016,12,10,ASSAULT W/DANGEROUS WEAPON,4
2016,12,10,BURGLARY,4
2016,12,10,MOTOR VEHICLE THEFT,3
2016,12,10,ROBBERY,6
2016,12,10,SEX ABUSE,1
2016,12,10,THEFT F/AUTO,34
2016,12,10,THEFT/OTHER,34
2016,12,11,ASSAULT W/DANGEROUS WEAPON,3
2016,12,11,BURGLARY,4
2016,12,11,MOTOR VEHICLE THEFT,2
2016,12,11,ROBBERY,8
2016,12,11,SEX ABUSE,1
2016,12,11,THEFT F/AUTO,30
2016,12,11,THEFT/OTHER,35
2016,12,12,ASSAULT W/DANGEROUS WEAPON,4
2016,12,12,BURGLARY,5
2016,12,12,HOMICIDE,1
2016,12,12,MOTOR VEHICLE THEFT,6
2016,12,12,ROBBERY,5
2016,12,12,THEFT F/AUTO,28
2016,12,12,THEFT/OTHER,41
2016,12,13,ASSAULT W/DANGEROUS WEAPON,4
2016,12,13,BURGLARY,6
2016,12,13,MOTOR VEHICLE THEFT,5
2016,12,13,ROBBERY,7
2016,12,13,SEX ABUSE,2
2016,12,13,THEFT F/AUTO,43
2016,12,13,THEFT/OTHER,39
2016,12,14,ASSAULT W/DANGEROUS WEAPON,11
2016,12,14,BURGLARY,2
2016,12,14,MOTOR VEHICLE THEFT,6
2016,12,14,ROBBERY,15
2016,12,14,SEX ABUSE,1
2016,12,14,THEFT F/AUTO,35
2016,12,14,THEFT/OTHER,49
2016,12,15,ASSAULT W/DANGEROUS WEAPON,7
2016,12,15,BURGLARY,8
2016,12,15,MOTOR VEHICLE THEFT,8
2016,12,15,ROBBERY,8
2016,12,15,THEFT F/AUTO,22
2016,12,15,THEFT/OTHER,46
2016,12,16,ASSAULT W/DANGEROUS WEAPON,2
2016,12,16,BURGLARY,2
2016,12,16,HOMICIDE,1
2016,12,16,MOTOR VEHICLE THEFT,10
2016,12,16,ROBBERY,7
2016,12,16,SEX ABUSE,1
2016,12,16,THEFT F/AUTO,36
2016,12,16,THEFT/OTHER,38
2016,12,17,ASSAULT W/DANGEROUS WEAPON,5
2016,12,17,BURGLARY,6
2016,12,17,MOTOR VEHICLE THEFT,6
2016,12,17,ROBBERY,7
2016,12,17,SEX ABUSE,1
2016,12,17,THEFT F/AUTO,39
2016,12,17,THEFT/OTHER,30
2016,12,18,ASSAULT W/DANGEROUS WEAPON,7
2016,12,18,BURGLARY,7
2016,12,18,MOTOR VEHICLE THEFT,7
2016,12,18,ROBBERY,14
2016,12,18,SEX ABUSE,1
2016,12,18,THEFT F/AUTO,37
2016,12,18,THEFT/OTHER,36
2016,12,19,ASSAULT W/DANGEROUS WEAPON,2
2016,12,19,BURGLARY,9
2016,12,19,MOTOR VEHICLE THEFT,11
2016,12,19,ROBBERY,11
2016,12,19,THEFT F/AUTO,36
2016,12,19,THEFT/OTHER,33
2016,12,20,ASSAULT W/DANGEROUS WEAPON,4
2016,12,20,BURGLARY,1
2016,12,20,MOTOR VEHICLE THEFT,5
2016,12,20,ROBBERY,7
2016,12,20,THEFT F/AUTO,28
2016,12,20,THEFT/OTHER,52
2016,12,21,ASSAULT W/DANGEROUS WEAPON,3
2016,12,21,BURGLARY,7
2016,12,21,MOTOR VEHICLE THEFT,5
2016,12,21,ROBBERY,6
2016,12,21,SEX ABUSE,1
2016,12,21,THEFT F/AUTO,38
2016,12,21,THEFT/OTHER,46
2016,12,22,ASSAULT W/DANGEROUS WEAPON,2
2016,12,22,BURGLARY,3
2016,12,22,MOTOR VEHICLE THEFT,4
2016,12,22,ROBBERY,6
2016,12,22,THEFT F/AUTO,46
2016,12,22,THEFT/OTHER,35
2016,12,23,ASSAULT W/DANGEROUS WEAPON,6
2016,12,23,BURGLARY,4
2016,12,23,HOMICIDE,2
2016,12,23,MOTOR VEHICLE THEFT,5
2016,12,23,ROBBERY,7
2016,12,23,SEX ABUSE,2
2016,12,23,THEFT F/AUTO,44
2016,12,23,THEFT/OTHER,34
2016,12,24,ASSAULT W/DANGEROUS WEAPON,6
2016,12,24,BURGLARY,9
2016,12,24,MOTOR VEHICLE THEFT,5
2016,12,24,ROBBERY,2
2016,12,24,SEX ABUSE,2
2016,12,24,THEFT F/AUTO,38
2016,12,24,THEFT/OTHER,32
2016,12,25,ASSAULT W/DANGEROUS WEAPON,9
2016,12,25,BURGLARY,2
2016,12,25,ROBBERY,4
2016,12,25,THEFT F/AUTO,12
2016,12,25,THEFT/OTHER,11
2016,12,26,ASSAULT W/DANGEROUS WEAPON,2
2016,12,26,BURGLARY,4
2016,12,26,HOMICIDE,2
2016,12,26,MOTOR VEHICLE THEFT,4
2016,12,26,ROBBERY,3
2016,12,26,SEX ABUSE,2
2016,12,26,THEFT F/AUTO,29
2016,12,26,THEFT/OTHER,27
2016,12,27,ASSAULT W/DANGEROUS WEAPON,2
2016,12,27,BURGLARY,7
2016,12,27,HOMICIDE,1
2016,12,27,MOTOR VEHICLE THEFT,3
2016,12,27,ROBBERY,3
2016,12,27,SEX ABUSE,1
2016,12,27,THEFT F/AUTO,29
2016,12,27,THEFT/OTHER,36
2016,12,28,ASSAULT W/DANGEROUS WEAPON,6
2016,12,28,BURGLARY,5
2016,12,28,MOTOR VEHICLE THEFT,8
2016,12,28,ROBBERY,9
2016,12,28,THEFT F/AUTO,34
2016,12,28,THEFT/OTHER,31
2016,12,29,ASSAULT W/DANGEROUS WEAPON,3
2016,12,29,BURGLARY,4
2016,12,29,MOTOR VEHICLE THEFT,8
2016,12,29,ROBBERY,6
2016,12,29,SEX ABUSE,2
2016,12,29,THEFT F/AUTO,48
2016,12,29,THEFT/OTHER,47
2016,12,30,ASSAULT W/DANGEROUS WEAPON,4
2016,12,30,BURGLARY,5
2016,12,30,MOTOR VEHICLE THEFT,6
2016,12,30,ROBBERY,5
2016,12,30,SEX ABUSE,1
2016,12,30,THEFT F/AUTO,39
2016,12,30,THEFT/OTHER,46
2016,12,31,ASSAULT W/DANGEROUS WEAPON,2
2016,12,31,BURGLARY,6
2016,12,31,HOMICIDE,1
2016,12,31,MOTOR VEHICLE THEFT,6
2016,12,31,ROBBERY,6
2016,12,31,THEFT F/AUTO,35
2016,12,31,THEFT/OTHER,24
