year,month,day,UCR CRIME CATEGORY,count
2016,1,1,AGGRAVATED ASSAULT,16
2016,1,1,BURGLARY,31
2016,1,1,DRUG OFFENSE,9
2016,1,1,LARCENY-THEFT,99
2016,1,1,MOTOR VEHICLE THEFT,12
2016,1,1,MURDER AND NON-NEGLIGENT MANSLAUGHTER,1
2016,1,1,RAPE,11
2016,1,1,ROBBERY,3
2016,1,2,AGGRAVATED ASSAULT,9
2016,1,2,ARSON,3
2016,1,2,BURGLARY,18
2016,1,2,DRUG OFFENSE,9
2016,1,2,LARCENY-THEFT,76
2016,1,2,MOTOR VEHICLE THEFT,24
2016,1,2,RAPE,1
2016,1,2,ROBBERY,3
2016,1,3,AGGRAVATED ASSAULT,4
2016,1,3,BURGLARY,21
2016,1,3,DRUG OFFENSE,7
2016,1,3,LARCENY-THEFT,84
2016,1,3,MOTOR VEHICLE THEFT,19
2016,1,3,RAPE,2
2016,1,3,ROBBERY,9
2016,1,4,AGGRAVATED ASSAULT,5
2016,1,4,BURGLARY,28
2016,1,4,DRUG OFFENSE,17
2016,1,4,LARCENY-THEFT,107
2016,1,4,MOTOR VEHICLE THEFT,22
2016,1,4,RAPE,3
2016,1,4,ROBBERY,5
2016,1,5,AGGRAVATED ASSAULT,9
2016,1,5,BURGLARY,42
2016,1,5,DRUG OFFENSE,20
2016,1,5,LARCENY-THEFT,64
2016,1,5,MOTOR VEHICLE THEFT,24
2016,1,5,MURDER AND NON-NEGLIGENT MANSLAUGHTER,1
2016,1,5,ROBBERY,5
2016,1,6,AGGRAVATED ASSAULT,6
2016,1,6,BURGLARY,43
2016,1,6,DRUG OFFENSE,16
2016,1,6,LARCENY-THEFT,94
2016,1,6,MOTOR VEHICLE THEFT,26
2016,1,6,MURDER AND NON-NEGLIGENT MANSLAUGHTER,1
2016,1,6,RAPE,4
2016,1,6,ROBBERY,9
2016,1,7,AGGRAVATED ASSAULT,11
2016,1,7,BURGLARY,23
2016,1,7,DRUG OFFENSE,19
2016,1,7,LARCENY-THEFT,94
2016,1,7,MOTOR VEHICLE THEFT,16
2016,1,7,ROBBERY,7
2016,1,8,AGGRAVATED ASSAULT,11
2016,1,8,ARSON,2
2016,1,8,BURGLARY,49
2016,1,8,DRUG OFFENSE,14
2016,1,8,LARCENY-THEFT,88
2016,1,8,MOTOR VEHICLE THEFT,19
2016,1,8,MURDER AND NON-NEGLIGENT MANSLAUGHTER,1
2016,1,8,RAPE,4
2016,1,8,ROBBERY,3
2016,1,9,AGGRAVATED ASSAULT,10
2016,1,9,BURGLARY,22
2016,1,9,DRUG OFFENSE,7
2016,1,9,LARCENY-THEFT,85
2016,1,9,MOTOR VEHICLE THEFT,18
2016,1,9,MURDER AND NON-NEGLIGENT MANSLAUGHTER,1
2016,1,9,RAPE,5
2016,1,9,ROBBERY,6
2016,1,10,AGGRAVATED ASSAULT,9
2016,1,10,BURGLARY,21
2016,1,10,DRUG OFFENSE,7
2016,1,10,LARCENY-THEFT,77
2016,1,10,MOTOR VEHICLE THEFT,12
2016,1,10,RAPE,2
2016,1,10,ROBBERY,9
2016,1,11,AGGRAVATED ASSAULT,7
2016,1,11,BURGLARY,32
2016,1,11,DRUG OFFENSE,8
2016,1,11,LARCENY-THEFT,77
2016,1,11,MOTOR VEHICLE THEFT,14
2016,1,11,RAPE,3
2016,1,11,ROBBERY,8
2016,1,12,AGGRAVATED ASSAULT,5
2016,1,12,BURGLARY,28
2016,1,12,DRUG OFFENSE,16
2016,1,12,LARCENY-THEFT,72
2016,1,12,MOTOR VEHICLE THEFT,21
2016,1,12,RAPE,2
2016,1,12,ROBBERY,11
2016,1,13,AGGRAVATED ASSAULT,7
2016,1,13,BURGLARY,31
2016,1,13,DRUG OFFENSE,16
2016,1,13,LARCENY-THEFT,75
2016,1,13,MOTOR VEHICLE THEFT,13
2016,1,13,RAPE,1
2016,1,13,ROBBERY,4
2016,1,14,AGGRAVATED ASSAULT,5
2016,1,14,ARSON,1
2016,1,14,BURGLARY,27
2016,1,14,DRUG OFFENSE,15
2016,1,14,LARCENY-THEFT,74
2016,1,14,MOTOR VEHICLE THEFT,13
2016,1,14,RAPE,6
2016,1,14,ROBBERY,10
2016,1,15,AGGRAVATED ASSAULT,10
2016,1,15,ARSON,1
2016,1,15,BURGLARY,41
2016,1,15,DRUG OFFENSE,18
2016,1,15,LARCENY-THEFT,89
2016,1,15,MOTOR VEHICLE THEFT,18
2016,1,15,MURDER AND NON-NEGLIGENT MANSLAUGHTER,2
2016,1,15,RAPE,1
2016,1,15,ROBBERY,12
2016,1,16,AGGRAVATED ASSAULT,13
2016,1,16,ARSON,1
2016,1,16,BURGLARY,24
2016,1,16,DRUG OFFENSE,9
2016,1,16,LARCENY-THEFT,97
2016,1,16,MOTOR VEHICLE THEFT,9
2016,1,16,MURDER AND NON-NEGLIGENT MANSLAUGHTER,2
2016,1,16,RAPE,3
2016,1,16,ROBBERY,6
2016,1,17,AGGRAVATED ASSAULT,17
2016,1,17,BURGLARY,20
2016,1,17,DRUG OFFENSE,5
2016,1,17,LARCENY-THEFT,74
2016,1,17,MOTOR VEHICLE THEFT,18
2016,1,17,MURDER AND NON-NEGLIGENT MANSLAUGHTER,1
2016,1,17,RAPE,1
2016,1,17,ROBBERY,4
2016,1,18,AGGRAVATED ASSAULT,11
2016,1,18,BURGLARY,27
2016,1,18,DRUG OFFENSE,8
2016,1,18,LARCENY-THEFT,86
2016,1,18,MOTOR VEHICLE THEFT,15
2016,1,18,MURDER AND NON-NEGLIGENT MANSLAUGHTER,1
2016,1,18,RAPE,3
2016,1,18,ROBBERY,2
2016,1,19,AGGRAVATED ASSAULT,9
2016,1,19,BURGLARY,27
2016,1,19,DRUG OFFENSE,13
2016,1,19,LARCENY-THEFT,92
2016,1,19,MOTOR VEHICLE THEFT,19
2016,1,19,RAPE,4
2016,1,19,ROBBERY,8
2016,1,20,AGGRAVATED ASSAULT,10
2016,1,20,BURGLARY,38
2016,1,20,DRUG OFFENSE,15
2016,1,20,LARCENY-THEFT,115
2016,1,20,MOTOR VEHICLE THEFT,19
2016,1,20,ROBBERY,15
2016,1,21,AGGRAVATED ASSAULT,7
2016,1,21,ARSON,1
2016,1,21,BURGLARY,33
2016,1,21,DRUG OFFENSE,22
2016,1,21,LARCENY-THEFT,101
2016,1,21,MOTOR VEHICLE THEFT,26
2016,1,21,ROBBERY,6
2016,1,22,AGGRAVATED ASSAULT,7
2016,1,22,BURGLARY,41
2016,1,22,DRUG OFFENSE,10
2016,1,22,LARCENY-THEFT,104
2016,1,22,MOTOR VEHICLE THEFT,17
2016,1,22,RAPE,4
2016,1,22,ROBBERY,4
2016,1,23,AGGRAVATED ASSAULT,14
2016,1,23,ARSON,1
2016,1,23,BURGLARY,28
2016,1,23,DRUG OFFENSE,7
2016,1,23,LARCENY-THEFT,91
2016,1,23,MOTOR VEHICLE THEFT,17
2016,1,23,RAPE,1
2016,1,23,ROBBERY,9
2016,1,24,AGGRAVATED ASSAULT,9
2016,1,24,ARSON,2
2016,1,24,BURGLARY,24
2016,1,24,DRUG OFFENSE,5
2016,1,24,LARCENY-THEFT,81
2016,1,24,MOTOR VEHICLE THEFT,29
2016,1,24,RAPE,1
2016,1,24,ROBBERY,7
2016,1,25,AGGRAVATED ASSAULT,8
2016,1,25,BURGLARY,41
2016,1,25,DRUG OFFENSE,11
2016,1,25,LARCENY-THEFT,108
2016,1,25,MOTOR VEHICLE THEFT,19
2016,1,25,MURDER AND NON-NEGLIGENT MANSLAUGHTER,1
2016,1,25,ROBBERY,8
2016,1,26,AGGRAVATED ASSAULT,12
2016,1,26,BURGLARY,33
2016,1,26,DRUG OFFENSE,16
2016,1,26,LARCENY-THEFT,96
2016,1,26,MOTOR VEHICLE THEFT,14
2016,1,26,MURDER AND NON-NEGLIGENT MANSLAUGHTER,1
2016,1,26,RAPE,3
2016,1,26,ROBBERY,9
2016,1,27,AGGRAVATED ASSAULT,11
2016,1,27,ARSON,2
2016,1,27,BURGLARY,44
2016,1,27,DRUG OFFENSE,9
2016,1,27,LARCENY-THEFT,99
2016,1,27,MOTOR VEHICLE THEFT,20
2016,1,27,ROBBERY,9
2016,1,28,AGGRAVATED ASSAULT,11
2016,1,28,BURGLARY,35
2016,1,28,DRUG OFFENSE,16
2016,1,28,LARCENY-THEFT,89
2016,1,28,MOTOR VEHICLE THEFT,19
2016,1,28,MURDER AND NON-NEGLIGENT MANSLAUGHTER,1
2016,1,28,RAPE,2
2016,1,28,ROBBERY,5
2016,1,29,AGGRAVATED ASSAULT,4
2016,1,29,BURGLARY,34
2016,1,29,DRUG OFFENSE,17
2016,1,29,LARCENY-THEFT,108
2016,1,29,MOTOR VEHICLE THEFT,20
2016,1,29,RAPE,3
2016,1,29,ROBBERY,8
2016,1,30,AGGRAVATED ASSAULT,16
2016,1,30,BURGLARY,28
2016,1,30,DRUG OFFENSE,7
2016,1,30,LARCENY-THEFT,74
2016,1,30,MOTOR VEHICLE THEFT,16
2016,1,30,RAPE,2
2016,1,30,ROBBERY,7
2016,1,31,AGGRAVATED ASSAULT,7
2016,1,31,BURGLARY,22
2016,1,31,DRUG OFFENSE,9
2016,1,31,LARCENY-THEFT,90
2016,1,31,MOTOR VEHICLE THEFT,13
2016,1,31,RAPE,3
2016,1,31,ROBBERY,6
2016,2,1,AGGRAVATED ASSAULT,10
2016,2,1,ARSON,1
2016,2,1,BURGLARY,46
2016,2,1,DRUG OFFENSE,8
2016,2,1,LARCENY-THEFT,105
2016,2,1,MOTOR VEHICLE THEFT,13
2016,2,1,RAPE,6
2016,2,1,ROBBERY,2
2016,2,2,AGGRAVATED ASSAULT,13
2016,2,2,BURGLARY,27
2016,2,2,DRUG OFFENSE,17
2016,2,2,LARCENY-THEFT,91
2016,2,2,MOTOR VEHICLE THEFT,13
2016,2,2,RAPE,2
2016,2,2,ROBBERY,3
2016,2,3,AGGRAVATED ASSAULT,7
2016,2,3,BURGLARY,30
2016,2,3,DRUG OFFENSE,22
2016,2,3,LARCENY-THEFT,88
2016,2,3,MOTOR VEHICLE THEFT,16
2016,2,3,RAPE,3
2016,2,3,ROBBERY,5
2016,2,4,AGGRAVATED ASSAULT,7
2016,2,4,BURGLARY,30
2016,2,4,DRUG OFFENSE,21
2016,2,4,LARCENY-THEFT,84
2016,2,4,MOTOR VEHICLE THEFT,15
2016,2,4,RAPE,2
2016,2,4,ROBBERY,11
2016,2,5,AGGRAVATED ASSAULT,8
2016,2,5,BURGLARY,41
2016,2,5,DRUG OFFENSE,23
2016,2,5,LARCENY-THEFT,89
2016,2,5,MOTOR VEHICLE THEFT,19
2016,2,5,RAPE,2
2016,2,5,ROBBERY,10
2016,2,6,AGGRAVATED ASSAULT,11
2016,2,6,BURGLARY,27
2016,2,6,DRUG OFFENSE,7
2016,2,6,LARCENY-THEFT,79
2016,2,6,MOTOR VEHICLE THEFT,15
2016,2,6,MURDER AND NON-NEGLIGENT MANSLAUGHTER,1
2016,2,6,RAPE,2
2016,2,6,ROBBERY,4
2016,2,7,AGGRAVATED ASSAULT,6
2016,2,7,BURGLARY,23
2016,2,7,DRUG OFFENSE,7
2016,2,7,LARCENY-THEFT,84
2016,2,7,MOTOR VEHICLE THEFT,19
2016,2,7,RAPE,3
2016,2,7,ROBBERY,7
2016,2,8,AGGRAVATED ASSAULT,14
2016,2,8,BURGLARY,18
2016,2,8,DRUG OFFENSE,9
2016,2,8,LARCENY-THEFT,88
2016,2,8,MOTOR VEHICLE THEFT,18
2016,2,8,RAPE,4
2016,2,8,ROBBERY,10
2016,2,9,AGGRAVATED ASSAULT,11
2016,2,9,ARSON,2
2016,2,9,BURGLARY,30
2016,2,9,DRUG OFFENSE,17
2016,2,9,LARCENY-THEFT,68
2016,2,9,MOTOR VEHICLE THEFT,16
2016,2,9,MURDER AND NON-NEGLIGENT MANSLAUGHTER,2
2016,2,9,RAPE,2
2016,2,9,ROBBERY,4
2016,2,10,AGGRAVATED ASSAULT,10
2016,2,10,BURGLARY,28
2016,2,10,DRUG OFFENSE,17
2016,2,10,LARCENY-THEFT,103
2016,2,10,MOTOR VEHICLE THEFT,10
2016,2,10,RAPE,2
2016,2,10,ROBBERY,7
2016,2,11,AGGRAVATED ASSAULT,9
2016,2,11,BURGLARY,26
2016,2,11,DRUG OFFENSE,19
2016,2,11,LARCENY-THEFT,91
2016,2,11,MOTOR VEHICLE THEFT,16
2016,2,11,RAPE,1
2016,2,11,ROBBERY,5
2016,2,12,AGGRAVATED ASSAULT,10
2016,2,12,BURGLARY,42
2016,2,12,DRUG OFFENSE,13
2016,2,12,LARCENY-THEFT,86
2016,2,12,MOTOR VEHICLE THEFT,17
2016,2,12,RAPE,1
2016,2,12,ROBBERY,4
2016,2,13,AGGRAVATED ASSAULT,9
2016,2,13,BURGLARY,24
2016,2,13,DRUG OFFENSE,7
2016,2,13,LARCENY-THEFT,77
2016,2,13,MOTOR VEHICLE THEFT,15
2016,2,13,MURDER AND NON-NEGLIGENT MANSLAUGHTER,1
2016,2,13,RAPE,3
2016,2,13,ROBBERY,6
2016,2,14,AGGRAVATED ASSAULT,13
2016,2,14,BURGLARY,21
2016,2,14,DRUG OFFENSE,5
2016,2,14,LARCENY-THEFT,78
2016,2,14,MOTOR VEHICLE THEFT,14
2016,2,14,ROBBERY,8
2016,2,15,AGGRAVATED ASSAULT,4
2016,2,15,BURGLARY,23
2016,2,15,DRUG OFFENSE,4
2016,2,15,LARCENY-THEFT,83
2016,2,15,MOTOR VEHICLE THEFT,14
2016,2,15,RAPE,2
2016,2,15,ROBBERY,4
2016,2,16,AGGRAVATED ASSAULT,16
2016,2,16,ARSON,1
2016,2,16,BURGLARY,32
2016,2,16,DRUG OFFENSE,17
2016,2,16,LARCENY-THEFT,70
2016,2,16,MOTOR VEHICLE THEFT,20
2016,2,16,ROBBERY,6
2016,2,17,AGGRAVATED ASSAULT,12
2016,2,17,BURGLARY,34
2016,2,17,DRUG OFFENSE,10
2016,2,17,LARCENY-THEFT,77
2016,2,17,MOTOR VEHICLE THEFT,19
2016,2,17,MURDER AND NON-NEGLIGENT MANSLAUGHTER,1
2016,2,17,RAPE,1
2016,2,17,ROBBERY,9
2016,2,18,AGGRAVATED ASSAULT,9
2016,2,18,BURGLARY,33
2016,2,18,DRUG OFFENSE,20
2016,2,18,LARCENY-THEFT,91
2016,2,18,MOTOR VEHICLE THEFT,19
2016,2,18,MURDER AND NON-NEGLIGENT MANSLAUGHTER,2
2016,2,18,RAPE,3
2016,2,18,ROBBERY,8
2016,2,19,AGGRAVATED ASSAULT,9
2016,2,19,BURGLARY,28
2016,2,19,DRUG OFFENSE,17
2016,2,19,LARCENY-THEFT,96
2016,2,19,MOTOR VEHICLE THEFT,19
2016,2,19,RAPE,3
2016,2,19,ROBBERY,6
2016,2,20,AGGRAVATED ASSAULT,13
2016,2,20,BURGLARY,25
2016,2,20,DRUG OFFENSE,9
2016,2,20,LARCENY-THEFT,104
2016,2,20,MOTOR VEHICLE THEFT,21
2016,2,20,MURDER AND NON-NEGLIGENT MANSLAUGHTER,1
2016,2,20,RAPE,2
2016,2,20,ROBBERY,13
2016,2,21,AGGRAVATED ASSAULT,8
2016,2,21,BURGLARY,13
2016,2,21,DRUG OFFENSE,8
2016,2,21,LARCENY-THEFT,77
2016,2,21,MOTOR VEHICLE THEFT,23
2016,2,21,RAPE,2
2016,2,21,ROBBERY,3
2016,2,22,AGGRAVATED ASSAULT,6
2016,2,22,ARSON,2
2016,2,22,BURGLARY,34
2016,2,22,DRUG OFFENSE,9
2016,2,22,LARCENY-THEFT,79
2016,2,22,MOTOR VEHICLE THEFT,22
2016,2,22,ROBBERY,6
2016,2,23,AGGRAVATED ASSAULT,8
2016,2,23,BURGLARY,32
2016,2,23,DRUG OFFENSE,8
2016,2,23,LARCENY-THEFT,90
2016,2,23,MOTOR VEHICLE THEFT,26
2016,2,23,MURDER AND NON-NEGLIGENT MANSLAUGHTER,4
2016,2,23,RAPE,1
2016,2,23,ROBBERY,3
2016,2,24,AGGRAVATED ASSAULT,9
2016,2,24,BURGLARY,38
2016,2,24,DRUG OFFENSE,15
2016,2,24,LARCENY-THEFT,81
2016,2,24,MOTOR VEHICLE THEFT,15
2016,2,24,ROBBERY,12
2016,2,25,AGGRAVATED ASSAULT,11
2016,2,25,BURGLARY,28
2016,2,25,DRUG OFFENSE,18
2016,2,25,LARCENY-THEFT,94
2016,2,25,MOTOR VEHICLE THEFT,16
2016,2,25,RAPE,3
2016,2,25,ROBBERY,5
2016,2,26,AGGRAVATED ASSAULT,8
2016,2,26,ARSON,1
2016,2,26,BURGLARY,32
2016,2,26,DRUG OFFENSE,14
2016,2,26,LARCENY-THEFT,78
2016,2,26,MOTOR VEHICLE THEFT,20
2016,2,26,RAPE,3
2016,2,26,ROBBERY,5
2016,2,27,AGGRAVATED ASSAULT,13
2016,2,27,BURGLARY,19
2016,2,27,DRUG OFFENSE,11
2016,2,27,LARCENY-THEFT,87
2016,2,27,MOTOR VEHICLE THEFT,12
2016,2,27,RAPE,4
2016,2,27,ROBBERY,4
2016,2,28,AGGRAVATED ASSAULT,11
2016,2,28,BURGLARY,24
2016,2,28,DRUG OFFENSE,10
2016,2,28,LARCENY-THEFT,80
2016,2,28,MOTOR VEHICLE THEFT,18
2016,2,28,MURDER AND NON-NEGLIGENT MANSLAUGHTER,2
2016,2,28,RAPE,3
2016,2,28,ROBBERY,11
2016,2,29,AGGRAVATED ASSAULT,12
2016,2,29,ARSON,1
2016,2,29,BURGLARY,27
2016,2,29,DRUG OFFENSE,8
2016,2,29,LARCENY-THEFT,63
2016,2,29,MOTOR VEHICLE THEFT,20
2016,2,29,RAPE,1
2016,2,29,ROBBERY,9
2016,3,1,AGGRAVATED ASSAULT,10
2016,3,1,ARSON,1
2016,3,1,BURGLARY,31
2016,3,1,DRUG OFFENSE,24
2016,3,1,LARCENY-THEFT,90
2016,3,1,MOTOR VEHICLE THEFT,15
2016,3,1,MURDER AND NON-NEGLIGENT MANSLAUGHTER,1
2016,3,1,RAPE,9
2016,3,1,ROBBERY,10
2016,3,2,AGGRAVATED ASSAULT,13
2016,3,2,BURGLARY,26
2016,3,2,DRUG OFFENSE,24
2016,3,2,LARCENY-THEFT,90
2016,3,2,MOTOR VEHICLE THEFT,13
2016,3,2,RAPE,7
2016,3,2,ROBBERY,8
2016,3,3,AGGRAVATED ASSAULT,23
2016,3,3,ARSON,1
2016,3,3,BURGLARY,15
2016,3,3,DRUG OFFENSE,30
2016,3,3,LARCENY-THEFT,88
2016,3,3,MOTOR VEHICLE THEFT,11
2016,3,3,MURDER AND NON-NEGLIGENT MANSLAUGHTER,1
2016,3,3,RAPE,2
2016,3,3,ROBBERY,4
2016,3,4,AGGRAVATED ASSAULT,12
2016,3,4,ARSON,1
2016,3,4,BURGLARY,26
2016,3,4,DRUG OFFENSE,13
2016,3,4,LARCENY-THEFT,82
2016,3,4,MOTOR VEHICLE THEFT,29
2016,3,4,RAPE,3
2016,3,4,ROBBERY,7
2016,3,5,AGGRAVATED ASSAULT,13
2016,3,5,ARSON,1
2016,3,5,BURGLARY,31
2016,3,5,DRUG OFFENSE,8
2016,3,5,LARCENY-THEFT,81
2016,3,5,MOTOR VEHICLE THEFT,20
2016,3,5,RAPE,5
2016,3,5,ROBBERY,2
2016,3,6,AGGRAVATED ASSAULT,12
2016,3,6,ARSON,1
2016,3,6,BURGLARY,20
2016,3,6,DRUG OFFENSE,8
2016,3,6,LARCENY-THEFT,85
2016,3,6,MOTOR VEHICLE THEFT,16
2016,3,6,MURDER AND NON-NEGLIGENT MANSLAUGHTER,1
2016,3,6,RAPE,5
2016,3,6,ROBBERY,6
2016,3,7,AGGRAVATED ASSAULT,7
2016,3,7,BURGLARY,32
2016,3,7,DRUG OFFENSE,10
2016,3,7,LARCENY-THEFT,81
2016,3,7,MOTOR VEHICLE THEFT,16
2016,3,7,ROBBERY,5
2016,3,8,AGGRAVATED ASSAULT,9
2016,3,8,BURGLARY,33
2016,3,8,DRUG OFFENSE,13
2016,3,8,LARCENY-THEFT,89
2016,3,8,MOTOR VEHICLE THEFT,14
2016,3,8,RAPE,2
2016,3,8,ROBBERY,7
2016,3,9,AGGRAVATED ASSAULT,7
2016,3,9,ARSON,2
2016,3,9,BURGLARY,33
2016,3,9,DRUG OFFENSE,22
2016,3,9,LARCENY-THEFT,67
2016,3,9,MOTOR VEHICLE THEFT,19
2016,3,9,RAPE,1
2016,3,9,ROBBERY,9
2016,3,10,AGGRAVATED ASSAULT,9
2016,3,10,BURGLARY,31
2016,3,10,DRUG OFFENSE,25
2016,3,10,LARCENY-THEFT,73
2016,3,10,MOTOR VEHICLE THEFT,7
2016,3,10,RAPE,1
2016,3,10,ROBBERY,8
2016,3,11,AGGRAVATED ASSAULT,18
2016,3,11,BURGLARY,25
2016,3,11,DRUG OFFENSE,15
2016,3,11,LARCENY-THEFT,97
2016,3,11,MOTOR VEHICLE THEFT,13
2016,3,11,RAPE,1
2016,3,11,ROBBERY,9
2016,3,12,AGGRAVATED ASSAULT,9
2016,3,12,ARSON,1
2016,3,12,BURGLARY,16
2016,3,12,DRUG OFFENSE,5
2016,3,12,LARCENY-THEFT,83
2016,3,12,MOTOR VEHICLE THEFT,17
2016,3,12,RAPE,4
2016,3,12,ROBBERY,6
2016,3,13,AGGRAVATED ASSAULT,14
2016,3,13,ARSON,1
2016,3,13,BURGLARY,18
2016,3,13,DRUG OFFENSE,6
2016,3,13,LARCENY-THEFT,67
2016,3,13,MOTOR VEHICLE THEFT,19
2016,3,13,MURDER AND NON-NEGLIGENT MANSLAUGHTER,2
2016,3,13,ROBBERY,1
2016,3,14,AGGRAVATED ASSAULT,14
2016,3,14,BURGLARY,27
2016,3,14,DRUG OFFENSE,14
2016,3,14,LARCENY-THEFT,77
2016,3,14,MOTOR VEHICLE THEFT,16
2016,3,14,RAPE,6
2016,3,14,ROBBERY,4
2016,3,15,AGGRAVATED ASSAULT,13
2016,3,15,BURGLARY,25
2016,3,15,DRUG OFFENSE,14
2016,3,15,LARCENY-THEFT,96
2016,3,15,MOTOR VEHICLE THEFT,16
2016,3,15,RAPE,4
2016,3,15,ROBBERY,2
2016,3,16,AGGRAVATED ASSAULT,11
2016,3,16,BURGLARY,33
2016,3,16,DRUG OFFENSE,23
2016,3,16,LARCENY-THEFT,88
2016,3,16,MOTOR VEHICLE THEFT,21
2016,3,16,ROBBERY,6
2016,3,17,AGGRAVATED ASSAULT,14
2016,3,17,BURGLARY,28
2016,3,17,DRUG OFFENSE,15
2016,3,17,LARCENY-THEFT,102
2016,3,17,MOTOR VEHICLE THEFT,17
2016,3,17,RAPE,3
2016,3,17,ROBBERY,8
2016,3,18,AGGRAVATED ASSAULT,14
2016,3,18,ARSON,1
2016,3,18,BURGLARY,28
2016,3,18,DRUG OFFENSE,6
2016,3,18,LARCENY-THEFT,82
2016,3,18,MOTOR VEHICLE THEFT,15
2016,3,18,RAPE,3
2016,3,18,ROBBERY,5
2016,3,19,AGGRAVATED ASSAULT,11
2016,3,19,BURGLARY,16
2016,3,19,DRUG OFFENSE,10
2016,3,19,LARCENY-THEFT,83
2016,3,19,MOTOR VEHICLE THEFT,18
2016,3,19,RAPE,4
2016,3,19,ROBBERY,10
2016,3,20,AGGRAVATED ASSAULT,19
2016,3,20,BURGLARY,18
2016,3,20,DRUG OFFENSE,6
2016,3,20,LARCENY-THEFT,70
2016,3,20,MOTOR VEHICLE THEFT,14
2016,3,20,RAPE,2
2016,3,20,ROBBERY,8
2016,3,21,AGGRAVATED ASSAULT,19
2016,3,21,BURGLARY,31
2016,3,21,DRUG OFFENSE,7
2016,3,21,LARCENY-THEFT,57
2016,3,21,MOTOR VEHICLE THEFT,22
2016,3,21,MURDER AND NON-NEGLIGENT MANSLAUGHTER,2
2016,3,21,RAPE,1
2016,3,21,ROBBERY,6
2016,3,22,AGGRAVATED ASSAULT,3
2016,3,22,ARSON,3
2016,3,22,BURGLARY,46
2016,3,22,DRUG OFFENSE,11
2016,3,22,LARCENY-THEFT,84
2016,3,22,MOTOR VEHICLE THEFT,22
2016,3,22,MURDER AND NON-NEGLIGENT MANSLAUGHTER,1
2016,3,22,RAPE,3
2016,3,22,ROBBERY,3
2016,3,23,AGGRAVATED ASSAULT,8
2016,3,23,BURGLARY,28
2016,3,23,DRUG OFFENSE,24
2016,3,23,LARCENY-THEFT,107
2016,3,23,MOTOR VEHICLE THEFT,23
2016,3,23,RAPE,4
2016,3,23,ROBBERY,8
2016,3,24,AGGRAVATED ASSAULT,10
2016,3,24,BURGLARY,33
2016,3,24,DRUG OFFENSE,16
2016,3,24,LARCENY-THEFT,97
2016,3,24,MOTOR VEHICLE THEFT,18
2016,3,24,RAPE,1
2016,3,24,ROBBERY,6
2016,3,25,AGGRAVATED ASSAULT,15
2016,3,25,ARSON,1
2016,3,25,BURGLARY,28
2016,3,25,DRUG OFFENSE,20
2016,3,25,LARCENY-THEFT,97
2016,3,25,MOTOR VEHICLE THEFT,16
2016,3,25,RAPE,1
2016,3,25,ROBBERY,8
2016,3,26,AGGRAVATED ASSAULT,12
2016,3,26,ARSON,1
2016,3,26,BURGLARY,20
2016,3,26,DRUG OFFENSE,8
2016,3,26,LARCENY-THEFT,80
2016,3,26,MOTOR VEHICLE THEFT,20
2016,3,26,MURDER AND NON-NEGLIGENT MANSLAUGHTER,1
2016,3,26,RAPE,2
2016,3,26,ROBBERY,9
2016,3,27,AGGRAVATED ASSAULT,13
2016,3,27,ARSON,1
2016,3,27,BURGLARY,24
2016,3,27,DRUG OFFENSE,5
2016,3,27,LARCENY-THEFT,56
2016,3,27,MOTOR VEHICLE THEFT,20
2016,3,27,MURDER AND NON-NEGLIGENT MANSLAUGHTER,1
2016,3,27,RAPE,5
2016,3,27,ROBBERY,5
2016,3,28,AGGRAVATED ASSAULT,6
2016,3,28,ARSON,1
2016,3,28,BURGLARY,29
2016,3,28,DRUG OFFENSE,12
2016,3,28,LARCENY-THEFT,89
2016,3,28,MOTOR VEHICLE THEFT,29
2016,3,28,RAPE,1
2016,3,28,ROBBERY,5
2016,3,29,AGGRAVATED ASSAULT,10
2016,3,29,BURGLARY,33
2016,3,29,DRUG OFFENSE,19
2016,3,29,LARCENY-THEFT,77
2016,3,29,MOTOR VEHICLE THEFT,20
2016,3,29,RAPE,2
2016,3,29,ROBBERY,9
2016,3,30,AGGRAVATED ASSAULT,10
2016,3,30,BURGLARY,29
2016,3,30,DRUG OFFENSE,18
2016,3,30,LARCENY-THEFT,89
2016,3,30,MOTOR VEHICLE THEFT,17
2016,3,30,RAPE,1
2016,3,30,ROBBERY,4
2016,3,31,AGGRAVATED ASSAULT,12
2016,3,31,BURGLARY,28
2016,3,31,DRUG OFFENSE,6
2016,3,31,LARCENY-THEFT,88
2016,3,31,MOTOR VEHICLE THEFT,11
2016,3,31,RAPE,1
2016,3,31,ROBBERY,4
2016,4,1,AGGRAVATED ASSAULT,12
2016,4,1,BURGLARY,38
2016,4,1,DRUG OFFENSE,17
2016,4,1,LARCENY-THEFT,102
2016,4,1,MOTOR VEHICLE THEFT,21
2016,4,1,MURDER AND NON-NEGLIGENT MANSLAUGHTER,2
2016,4,1,RAPE,4
2016,4,1,ROBBERY,9
2016,4,2,AGGRAVATED ASSAULT,14
2016,4,2,BURGLARY,26
2016,4,2,DRUG OFFENSE,9
2016,4,2,LARCENY-THEFT,95
2016,4,2,MOTOR VEHICLE THEFT,23
2016,4,2,RAPE,1
2016,4,2,ROBBERY,8
2016,4,3,AGGRAVATED ASSAULT,7
2016,4,3,BURGLARY,28
2016,4,3,DRUG OFFENSE,5
2016,4,3,LARCENY-THEFT,77
2016,4,3,MOTOR VEHICLE THEFT,20
2016,4,3,ROBBERY,9
2016,4,4,AGGRAVATED ASSAULT,10
2016,4,4,ARSON,1
2016,4,4,BURGLARY,34
2016,4,4,DRUG OFFENSE,18
2016,4,4,LARCENY-THEFT,88
2016,4,4,MOTOR VEHICLE THEFT,23
2016,4,4,RAPE,1
2016,4,4,ROBBERY,8
2016,4,5,AGGRAVATED ASSAULT,12
2016,4,5,BURGLARY,42
2016,4,5,DRUG OFFENSE,16
2016,4,5,LARCENY-THEFT,84
2016,4,5,MOTOR VEHICLE THEFT,17
2016,4,5,RAPE,5
2016,4,5,ROBBERY,7
2016,4,6,AGGRAVATED ASSAULT,7
2016,4,6,BURGLARY,21
2016,4,6,DRUG OFFENSE,10
2016,4,6,LARCENY-THEFT,82
2016,4,6,MOTOR VEHICLE THEFT,27
2016,4,6,RAPE,1
2016,4,6,ROBBERY,9
2016,4,7,AGGRAVATED ASSAULT,8
2016,4,7,ARSON,1
2016,4,7,BURGLARY,32
2016,4,7,DRUG OFFENSE,19
2016,4,7,LARCENY-THEFT,116
2016,4,7,MOTOR VEHICLE THEFT,20
2016,4,7,RAPE,2
2016,4,7,ROBBERY,7
2016,4,8,AGGRAVATED ASSAULT,7
2016,4,8,BURGLARY,40
2016,4,8,DRUG OFFENSE,9
2016,4,8,LARCENY-THEFT,97
2016,4,8,MOTOR VEHICLE THEFT,21
2016,4,8,RAPE,2
2016,4,8,ROBBERY,11
2016,4,9,AGGRAVATED ASSAULT,5
2016,4,9,ARSON,1
2016,4,9,BURGLARY,22
2016,4,9,DRUG OFFENSE,12
2016,4,9,LARCENY-THEFT,96
2016,4,9,MOTOR VEHICLE THEFT,18
2016,4,9,RAPE,6
2016,4,9,ROBBERY,7
2016,4,10,AGGRAVATED ASSAULT,7
2016,4,10,BURGLARY,20
2016,4,10,DRUG OFFENSE,8
2016,4,10,LARCENY-THEFT,92
2016,4,10,MOTOR VEHICLE THEFT,19
2016,4,10,RAPE,2
2016,4,10,ROBBERY,8
2016,4,11,AGGRAVATED ASSAULT,9
2016,4,11,BURGLARY,38
2016,4,11,DRUG OFFENSE,12
2016,4,11,LARCENY-THEFT,88
2016,4,11,MOTOR VEHICLE THEFT,23
2016,4,11,ROBBERY,6
2016,4,12,AGGRAVATED ASSAULT,10
2016,4,12,BURGLARY,33
2016,4,12,DRUG OFFENSE,14
2016,4,12,LARCENY-THEFT,102
2016,4,12,MOTOR VEHICLE THEFT,17
2016,4,12,RAPE,2
2016,4,12,ROBBERY,8
2016,4,13,AGGRAVATED ASSAULT,10
2016,4,13,BURGLARY,33
2016,4,13,DRUG OFFENSE,19
2016,4,13,LARCENY-THEFT,74
2016,4,13,MOTOR VEHICLE THEFT,24
2016,4,13,MURDER AND NON-NEGLIGENT MANSLAUGHTER,1
2016,4,13,RAPE,1
2016,4,13,ROBBERY,7
2016,4,14,AGGRAVATED ASSAULT,8
2016,4,14,BURGLARY,40
2016,4,14,DRUG OFFENSE,22
2016,4,14,LARCENY-THEFT,84
2016,4,14,MOTOR VEHICLE THEFT,9
2016,4,14,MURDER AND NON-NEGLIGENT MANSLAUGHTER,1
2016,4,14,RAPE,1
2016,4,14,ROBBERY,10
2016,4,15,AGGRAVATED ASSAULT,6
2016,4,15,ARSON,1
2016,4,15,BURGLARY,45
2016,4,15,DRUG OFFENSE,8
2016,4,15,LARCENY-THEFT,103
2016,4,15,MOTOR VEHICLE THEFT,19
2016,4,15,RAPE,4
2016,4,15,ROBBERY,7
2016,4,16,AGGRAVATED ASSAULT,19
2016,4,16,ARSON,2
2016,4,16,BURGLARY,28
2016,4,16,DRUG OFFENSE,4
2016,4,16,LARCENY-THEFT,112
2016,4,16,MOTOR VEHICLE THEFT,24
2016,4,16,MURDER AND NON-NEGLIGENT MANSLAUGHTER,2
2016,4,16,ROBBERY,5
2016,4,17,AGGRAVATED ASSAULT,15
2016,4,17,BURGLARY,19
2016,4,17,DRUG OFFENSE,8
2016,4,17,LARCENY-THEFT,73
2016,4,17,MOTOR VEHICLE THEFT,22
2016,4,17,RAPE,5
2016,4,17,ROBBERY,5
2016,4,18,AGGRAVATED ASSAULT,14
2016,4,18,BURGLARY,35
2016,4,18,DRUG OFFENSE,9
2016,4,18,LARCENY-THEFT,80
2016,4,18,MOTOR VEHICLE THEFT,16
2016,4,18,RAPE,4
2016,4,18,ROBBERY,7
2016,4,19,AGGRAVATED ASSAULT,13
2016,4,19,BURGLARY,35
2016,4,19,DRUG OFFENSE,8
2016,4,19,LARCENY-THEFT,73
2016,4,19,MOTOR VEHICLE THEFT,24
2016,4,19,MURDER AND NON-NEGLIGENT MANSLAUGHTER,2
2016,4,19,RAPE,3
2016,4,19,ROBBERY,8
2016,4,20,AGGRAVATED ASSAULT,12
2016,4,20,BURGLARY,33
2016,4,20,DRUG OFFENSE,18
2016,4,20,LARCENY-THEFT,92
2016,4,20,MOTOR VEHICLE THEFT,21
2016,4,20,RAPE,3
2016,4,20,ROBBERY,8
2016,4,21,AGGRAVATED ASSAULT,7
2016,4,21,BURGLARY,40
2016,4,21,DRUG OFFENSE,12
2016,4,21,LARCENY-THEFT,87
2016,4,21,MOTOR VEHICLE THEFT,16
2016,4,21,RAPE,1
2016,4,21,ROBBERY,12
2016,4,22,AGGRAVATED ASSAULT,10
2016,4,22,ARSON,1
2016,4,22,BURGLARY,48
2016,4,22,DRUG OFFENSE,11
2016,4,22,LARCENY-THEFT,77
2016,4,22,MOTOR VEHICLE THEFT,22
2016,4,22,ROBBERY,8
2016,4,23,AGGRAVATED ASSAULT,13
2016,4,23,BURGLARY,32
2016,4,23,DRUG OFFENSE,10
2016,4,23,LARCENY-THEFT,76
2016,4,23,MOTOR VEHICLE THEFT,30
2016,4,23,MURDER AND NON-NEGLIGENT MANSLAUGHTER,1
2016,4,23,RAPE,4
2016,4,23,ROBBERY,3
2016,4,24,AGGRAVATED ASSAULT,14
2016,4,24,BURGLARY,31
2016,4,24,DRUG OFFENSE,6
2016,4,24,LARCENY-THEFT,69
2016,4,24,MOTOR VEHICLE THEFT,18
2016,4,24,RAPE,2
2016,4,24,ROBBERY,10
2016,4,25,AGGRAVATED ASSAULT,12
2016,4,25,ARSON,1
2016,4,25,BURGLARY,38
2016,4,25,DRUG OFFENSE,7
2016,4,25,LARCENY-THEFT,90
2016,4,25,MOTOR VEHICLE THEFT,23
2016,4,25,RAPE,1
2016,4,25,ROBBERY,7
2016,4,26,AGGRAVATED ASSAULT,14
2016,4,26,BURGLARY,46
2016,4,26,DRUG OFFENSE,11
2016,4,26,LARCENY-THEFT,74
2016,4,26,MOTOR VEHICLE THEFT,23
2016,4,26,RAPE,2
2016,4,26,ROBBERY,8
2016,4,27,AGGRAVATED ASSAULT,11
2016,4,27,BURGLARY,33
2016,4,27,DRUG OFFENSE,17
2016,4,27,LARCENY-THEFT,89
2016,4,27,MOTOR VEHICLE THEFT,18
2016,4,27,RAPE,1
2016,4,27,ROBBERY,11
2016,4,28,AGGRAVATED ASSAULT,9
2016,4,28,ARSON,1
2016,4,28,BURGLARY,44
2016,4,28,DRUG OFFENSE,23
2016,4,28,LARCENY-THEFT,83
2016,4,28,MOTOR VEHICLE THEFT,20
2016,4,28,MURDER AND NON-NEGLIGENT MANSLAUGHTER,1
2016,4,28,RAPE,3
2016,4,28,ROBBERY,4
2016,4,29,AGGRAVATED ASSAULT,10
2016,4,29,ARSON,1
2016,4,29,BURGLARY,48
2016,4,29,DRUG OFFENSE,14
2016,4,29,LARCENY-THEFT,105
2016,4,29,MOTOR VEHICLE THEFT,20
2016,4,29,RAPE,1
2016,4,29,ROBBERY,4
2016,4,30,AGGRAVATED ASSAULT,9
2016,4,30,BURGLARY,31
2016,4,30,DRUG OFFENSE,6
2016,4,30,LARCENY-THEFT,71
2016,4,30,MOTOR VEHICLE THEFT,17
2016,4,30,RAPE,3
2016,4,30,ROBBERY,6
2016,5,1,AGGRAVATED ASSAULT,18
2016,5,1,BURGLARY,27
2016,5,1,DRUG OFFENSE,8
2016,5,1,LARCENY-THEFT,81
2016,5,1,MOTOR VEHICLE THEFT,21
2016,5,1,RAPE,3
2016,5,1,ROBBERY,6
2016,5,2,AGGRAVATED ASSAULT,10
2016,5,2,ARSON,1
2016,5,2,BURGLARY,33
2016,5,2,DRUG OFFENSE,11
2016,5,2,LARCENY-THEFT,85
2016,5,2,MOTOR VEHICLE THEFT,18
2016,5,2,MURDER AND NON-NEGLIGENT MANSLAUGHTER,1
2016,5,2,RAPE,1
2016,5,2,ROBBERY,11
2016,5,3,AGGRAVATED ASSAULT,13
2016,5,3,BURGLARY,31
2016,5,3,DRUG OFFENSE,23
2016,5,3,LARCENY-THEFT,85
2016,5,3,MOTOR VEHICLE THEFT,20
2016,5,3,RAPE,2
2016,5,3,ROBBERY,7
2016,5,4,AGGRAVATED ASSAULT,15
2016,5,4,ARSON,1
2016,5,4,BURGLARY,31
2016,5,4,DRUG OFFENSE,18
2016,5,4,LARCENY-THEFT,82
2016,5,4,MOTOR VEHICLE THEFT,17
2016,5,4,RAPE,4
2016,5,4,ROBBERY,10
2016,5,5,AGGRAVATED ASSAULT,15
2016,5,5,ARSON,1
2016,5,5,BURGLARY,29
2016,5,5,DRUG OFFENSE,19
2016,5,5,LARCENY-THEFT,72
2016,5,5,MOTOR VEHICLE THEFT,16
2016,5,5,ROBBERY,8
2016,5,6,AGGRAVATED ASSAULT,6
2016,5,6,BURGLARY,35
2016,5,6,DRUG OFFENSE,20
2016,5,6,LARCENY-THEFT,82
2016,5,6,MOTOR VEHICLE THEFT,33
2016,5,6,ROBBERY,8
2016,5,7,AGGRAVATED ASSAULT,13
2016,5,7,ARSON,1
2016,5,7,BURGLARY,24
2016,5,7,DRUG OFFENSE,8
2016,5,7,LARCENY-THEFT,78
2016,5,7,MOTOR VEHICLE THEFT,12
2016,5,7,RAPE,3
2016,5,7,ROBBERY,5
2016,5,8,AGGRAVATED ASSAULT,10
2016,5,8,BURGLARY,35
2016,5,8,DRUG OFFENSE,5
2016,5,8,LARCENY-THEFT,65
2016,5,8,MOTOR VEHICLE THEFT,24
2016,5,8,MURDER AND NON-NEGLIGENT MANSLAUGHTER,1
2016,5,8,RAPE,4
2016,5,8,ROBBERY,7
2016,5,9,AGGRAVATED ASSAULT,8
2016,5,9,ARSON,1
2016,5,9,BURGLARY,22
2016,5,9,DRUG OFFENSE,10
2016,5,9,LARCENY-THEFT,78
2016,5,9,MOTOR VEHICLE THEFT,15
2016,5,9,MURDER AND NON-NEGLIGENT MANSLAUGHTER,1
2016,5,9,RAPE,2
2016,5,9,ROBBERY,11
2016,5,10,AGGRAVATED ASSAULT,7
2016,5,10,BURGLARY,26
2016,5,10,DRUG OFFENSE,15
2016,5,10,LARCENY-THEFT,88
2016,5,10,MOTOR VEHICLE THEFT,18
2016,5,10,MURDER AND NON-NEGLIGENT MANSLAUGHTER,1
2016,5,10,RAPE,3
2016,5,10,ROBBERY,15
2016,5,11,AGGRAVATED ASSAULT,12
2016,5,11,ARSON,1
2016,5,11,BURGLARY,32
2016,5,11,DRUG OFFENSE,16
2016,5,11,LARCENY-THEFT,95
2016,5,11,MOTOR VEHICLE THEFT,17
2016,5,11,RAPE,3
2016,5,11,ROBBERY,12
2016,5,12,AGGRAVATED ASSAULT,10
2016,5,12,ARSON,4
2016,5,12,BURGLARY,37
2016,5,12,DRUG OFFENSE,17
2016,5,12,LARCENY-THEFT,67
2016,5,12,MOTOR VEHICLE THEFT,19
2016,5,12,MURDER AND NON-NEGLIGENT MANSLAUGHTER,1
2016,5,12,RAPE,1
2016,5,12,ROBBERY,5
2016,5,13,AGGRAVATED ASSAULT,9
2016,5,13,ARSON,2
2016,5,13,BURGLARY,22
2016,5,13,DRUG OFFENSE,16
2016,5,13,LARCENY-THEFT,82
2016,5,13,MOTOR VEHICLE THEFT,22
2016,5,13,RAPE,1
2016,5,13,ROBBERY,3
2016,5,14,AGGRAVATED ASSAULT,17
2016,5,14,BURGLARY,29
2016,5,14,DRUG OFFENSE,10
2016,5,14,LARCENY-THEFT,93
2016,5,14,MOTOR VEHICLE THEFT,20
2016,5,14,MURDER AND NON-NEGLIGENT MANSLAUGHTER,1
2016,5,14,ROBBERY,7
2016,5,15,AGGRAVATED ASSAULT,14
2016,5,15,BURGLARY,24
2016,5,15,DRUG OFFENSE,9
2016,5,15,LARCENY-THEFT,84
2016,5,15,MOTOR VEHICLE THEFT,12
2016,5,15,RAPE,3
2016,5,15,ROBBERY,10
2016,5,16,AGGRAVATED ASSAULT,18
2016,5,16,BURGLARY,28
2016,5,16,DRUG OFFENSE,6
2016,5,16,LARCENY-THEFT,88
2016,5,16,MOTOR VEHICLE THEFT,19
2016,5,16,RAPE,5
2016,5,16,ROBBERY,5
2016,5,17,AGGRAVATED ASSAULT,8
2016,5,17,BURGLARY,52
2016,5,17,DRUG OFFENSE,10
2016,5,17,LARCENY-THEFT,88
2016,5,17,MOTOR VEHICLE THEFT,17
2016,5,17,RAPE,2
2016,5,17,ROBBERY,5
2016,5,18,AGGRAVATED ASSAULT,7
2016,5,18,ARSON,1
2016,5,18,BURGLARY,36
2016,5,18,DRUG OFFENSE,18
2016,5,18,LARCENY-THEFT,92
2016,5,18,MOTOR VEHICLE THEFT,16
2016,5,18,MURDER AND NON-NEGLIGENT MANSLAUGHTER,1
2016,5,18,RAPE,2
2016,5,18,ROBBERY,6
2016,5,19,AGGRAVATED ASSAULT,12
2016,5,19,ARSON,1
2016,5,19,BURGLARY,34
2016,5,19,DRUG OFFENSE,14
2016,5,19,LARCENY-THEFT,76
2016,5,19,MOTOR VEHICLE THEFT,16
2016,5,19,ROBBERY,4
2016,5,20,AGGRAVATED ASSAULT,11
2016,5,20,ARSON,1
2016,5,20,BURGLARY,48
2016,5,20,DRUG OFFENSE,12
2016,5,20,LARCENY-THEFT,89
2016,5,20,MOTOR VEHICLE THEFT,10
2016,5,20,RAPE,3
2016,5,20,ROBBERY,9
2016,5,21,AGGRAVATED ASSAULT,9
2016,5,21,BURGLARY,17
2016,5,21,DRUG OFFENSE,7
2016,5,21,LARCENY-THEFT,78
2016,5,21,MOTOR VEHICLE THEFT,22
2016,5,21,RAPE,3
2016,5,21,ROBBERY,6
2016,5,22,AGGRAVATED ASSAULT,8
2016,5,22,ARSON,1
2016,5,22,BURGLARY,22
2016,5,22,DRUG OFFENSE,4
2016,5,22,LARCENY-THEFT,72
2016,5,22,MOTOR VEHICLE THEFT,19
2016,5,22,RAPE,4
2016,5,22,ROBBERY,12
2016,5,23,AGGRAVATED ASSAULT,11
2016,5,23,BURGLARY,33
2016,5,23,DRUG OFFENSE,17
2016,5,23,LARCENY-THEFT,98
2016,5,23,MOTOR VEHICLE THEFT,24
2016,5,23,RAPE,3
2016,5,23,ROBBERY,9
2016,5,24,AGGRAVATED ASSAULT,8
2016,5,24,BURGLARY,33
2016,5,24,DRUG OFFENSE,7
2016,5,24,LARCENY-THEFT,107
2016,5,24,MOTOR VEHICLE THEFT,18
2016,5,24,RAPE,3
2016,5,24,ROBBERY,6
2016,5,25,AGGRAVATED ASSAULT,6
2016,5,25,BURGLARY,30
2016,5,25,DRUG OFFENSE,15
2016,5,25,LARCENY-THEFT,95
2016,5,25,MOTOR VEHICLE THEFT,13
2016,5,25,RAPE,4
2016,5,25,ROBBERY,6
2016,5,26,AGGRAVATED ASSAULT,13
2016,5,26,ARSON,1
2016,5,26,BURGLARY,31
2016,5,26,DRUG OFFENSE,7
2016,5,26,LARCENY-THEFT,85
2016,5,26,MOTOR VEHICLE THEFT,13
2016,5,26,MURDER AND NON-NEGLIGENT MANSLAUGHTER,1
2016,5,26,RAPE,1
2016,5,26,ROBBERY,8
2016,5,27,AGGRAVATED ASSAULT,11
2016,5,27,BURGLARY,39
2016,5,27,DRUG OFFENSE,15
2016,5,27,LARCENY-THEFT,99
2016,5,27,MOTOR VEHICLE THEFT,22
2016,5,27,RAPE,3
2016,5,27,ROBBERY,2
2016,5,28,AGGRAVATED ASSAULT,15
2016,5,28,BURGLARY,37
2016,5,28,DRUG OFFENSE,6
2016,5,28,LARCENY-THEFT,101
2016,5,28,MOTOR VEHICLE THEFT,14
2016,5,28,MURDER AND NON-NEGLIGENT MANSLAUGHTER,1
2016,5,28,RAPE,1
2016,5,28,ROBBERY,8
2016,5,29,AGGRAVATED ASSAULT,11
2016,5,29,ARSON,1
2016,5,29,BURGLARY,37
2016,5,29,DRUG OFFENSE,6
2016,5,29,LARCENY-THEFT,89
2016,5,29,MOTOR VEHICLE THEFT,24
2016,5,29,MURDER AND NON-NEGLIGENT MANSLAUGHTER,1
2016,5,29,RAPE,4
2016,5,29,ROBBERY,4
2016,5,30,AGGRAVATED ASSAULT,7
2016,5,30,ARSON,1
2016,5,30,BURGLARY,35
2016,5,30,DRUG OFFENSE,11
2016,5,30,LARCENY-THEFT,81
2016,5,30,MOTOR VEHICLE THEFT,16
2016,5,30,RAPE,2
2016,5,30,ROBBERY,9
2016,5,31,AGGRAVATED ASSAULT,7
2016,5,31,BURGLARY,35
2016,5,31,DRUG OFFENSE,11
2016,5,31,LARCENY-THEFT,92
2016,5,31,MOTOR VEHICLE THEFT,26
2016,5,31,ROBBERY,5
2016,6,1,AGGRAVATED ASSAULT,10
2016,6,1,ARSON,2
2016,6,1,BURGLARY,35
2016,6,1,DRUG OFFENSE,18
2016,6,1,LARCENY-THEFT,101
2016,6,1,MOTOR VEHICLE THEFT,26
2016,6,1,MURDER AND NON-NEGLIGENT MANSLAUGHTER,1
2016,6,1,RAPE,2
2016,6,1,ROBBERY,5
2016,6,2,AGGRAVATED ASSAULT,7
2016,6,2,BURGLARY,29
2016,6,2,DRUG OFFENSE,18
2016,6,2,LARCENY-THEFT,80
2016,6,2,MOTOR VEHICLE THEFT,19
2016,6,2,MURDER AND NON-NEGLIGENT MANSLAUGHTER,1
2016,6,2,RAPE,3
2016,6,2,ROBBERY,7
2016,6,3,AGGRAVATED ASSAULT,7
2016,6,3,ARSON,2
2016,6,3,BURGLARY,43
2016,6,3,DRUG OFFENSE,12
2016,6,3,LARCENY-THEFT,74
2016,6,3,MOTOR VEHICLE THEFT,26
2016,6,3,MURDER AND NON-NEGLIGENT MANSLAUGHTER,1
2016,6,3,RAPE,1
2016,6,3,ROBBERY,6
2016,6,4,AGGRAVATED ASSAULT,17
2016,6,4,ARSON,1
2016,6,4,BURGLARY,30
2016,6,4,DRUG OFFENSE,7
2016,6,4,LARCENY-THEFT,106
2016,6,4,MOTOR VEHICLE THEFT,20
2016,6,4,MURDER AND NON-NEGLIGENT MANSLAUGHTER,1
2016,6,4,RAPE,1
2016,6,4,ROBBERY,11
2016,6,5,AGGRAVATED ASSAULT,8
2016,6,5,ARSON,4
2016,6,5,BURGLARY,26
2016,6,5,DRUG OFFENSE,10
2016,6,5,LARCENY-THEFT,62
2016,6,5,MOTOR VEHICLE THEFT,19
2016,6,5,MURDER AND NON-NEGLIGENT MANSLAUGHTER,1
2016,6,5,RAPE,3
2016,6,5,ROBBERY,5
2016,6,6,AGGRAVATED ASSAULT,11
2016,6,6,ARSON,2
2016,6,6,BURGLARY,37
2016,6,6,DRUG OFFENSE,11
2016,6,6,LARCENY-THEFT,97
2016,6,6,MOTOR VEHICLE THEFT,11
2016,6,6,MURDER AND NON-NEGLIGENT MANSLAUGHTER,1
2016,6,6,RAPE,4
2016,6,6,ROBBERY,10
2016,6,7,AGGRAVATED ASSAULT,14
2016,6,7,ARSON,1
2016,6,7,BURGLARY,20
2016,6,7,DRUG OFFENSE,19
2016,6,7,LARCENY-THEFT,95
2016,6,7,MOTOR VEHICLE THEFT,15
2016,6,7,RAPE,2
2016,6,7,ROBBERY,5
2016,6,8,AGGRAVATED ASSAULT,12
2016,6,8,ARSON,1
2016,6,8,BURGLARY,22
2016,6,8,DRUG OFFENSE,16
2016,6,8,LARCENY-THEFT,85
2016,6,8,MOTOR VEHICLE THEFT,19
2016,6,8,RAPE,5
2016,6,8,ROBBERY,7
2016,6,9,AGGRAVATED ASSAULT,12
2016,6,9,BURGLARY,39
2016,6,9,DRUG OFFENSE,9
2016,6,9,LARCENY-THEFT,77
2016,6,9,MOTOR VEHICLE THEFT,19
2016,6,9,RAPE,2
2016,6,9,ROBBERY,4
2016,6,10,AGGRAVATED ASSAULT,11
2016,6,10,BURGLARY,39
2016,6,10,DRUG OFFENSE,8
2016,6,10,LARCENY-THEFT,99
2016,6,10,MOTOR VEHICLE THEFT,24
2016,6,10,MURDER AND NON-NEGLIGENT MANSLAUGHTER,1
2016,6,10,RAPE,2
2016,6,10,ROBBERY,6
2016,6,11,AGGRAVATED ASSAULT,12
2016,6,11,ARSON,1
2016,6,11,BURGLARY,36
2016,6,11,DRUG OFFENSE,5
2016,6,11,LARCENY-THEFT,90
2016,6,11,MOTOR VEHICLE THEFT,25
2016,6,11,RAPE,3
2016,6,11,ROBBERY,9
2016,6,12,AGGRAVATED ASSAULT,15
2016,6,12,ARSON,1
2016,6,12,BURGLARY,25
2016,6,12,DRUG OFFENSE,5
2016,6,12,LARCENY-THEFT,84
2016,6,12,MOTOR VEHICLE THEFT,22
2016,6,12,MURDER AND NON-NEGLIGENT MANSLAUGHTER,2
2016,6,12,RAPE,3
2016,6,12,ROBBERY,8
2016,6,13,AGGRAVATED ASSAULT,9
2016,6,13,ARSON,1
2016,6,13,BURGLARY,29
2016,6,13,DRUG OFFENSE,5
2016,6,13,LARCENY-THEFT,86
2016,6,13,MOTOR VEHICLE THEFT,19
2016,6,13,RAPE,1
2016,6,13,ROBBERY,8
2016,6,14,AGGRAVATED ASSAULT,8
2016,6,14,ARSON,1
2016,6,14,BURGLARY,34
2016,6,14,DRUG OFFENSE,11
2016,6,14,LARCENY-THEFT,73
2016,6,14,MOTOR VEHICLE THEFT,24
2016,6,14,RAPE,3
2016,6,14,ROBBERY,7
2016,6,15,AGGRAVATED ASSAULT,10
2016,6,15,ARSON,1
2016,6,15,BURGLARY,46
2016,6,15,DRUG OFFENSE,24
2016,6,15,LARCENY-THEFT,91
2016,6,15,MOTOR VEHICLE THEFT,15
2016,6,15,RAPE,1
2016,6,15,ROBBERY,7
2016,6,16,AGGRAVATED ASSAULT,17
2016,6,16,BURGLARY,32
2016,6,16,DRUG OFFENSE,13
2016,6,16,LARCENY-THEFT,96
2016,6,16,MOTOR VEHICLE THEFT,17
2016,6,16,MURDER AND NON-NEGLIGENT MANSLAUGHTER,2
2016,6,16,RAPE,3
2016,6,16,ROBBERY,5
2016,6,17,AGGRAVATED ASSAULT,7
2016,6,17,ARSON,2
2016,6,17,BURGLARY,43
2016,6,17,DRUG OFFENSE,15
2016,6,17,LARCENY-THEFT,90
2016,6,17,MOTOR VEHICLE THEFT,20
2016,6,17,MURDER AND NON-NEGLIGENT MANSLAUGHTER,1
2016,6,17,ROBBERY,4
2016,6,18,AGGRAVATED ASSAULT,19
2016,6,18,BURGLARY,28
2016,6,18,DRUG OFFENSE,3
2016,6,18,LARCENY-THEFT,87
2016,6,18,MOTOR VEHICLE THEFT,30
2016,6,18,RAPE,2
2016,6,18,ROBBERY,2
2016,6,19,AGGRAVATED ASSAULT,13
2016,6,19,ARSON,1
2016,6,19,BURGLARY,28
2016,6,19,DRUG OFFENSE,7
2016,6,19,LARCENY-THEFT,63
2016,6,19,MOTOR VEHICLE THEFT,30
2016,6,19,RAPE,3
2016,6,19,ROBBERY,11
2016,6,20,AGGRAVATED ASSAULT,4
2016,6,20,ARSON,3
2016,6,20,BURGLARY,33
2016,6,20,DRUG OFFENSE,11
2016,6,20,LARCENY-THEFT,85
2016,6,20,MOTOR VEHICLE THEFT,20
2016,6,20,RAPE,4
2016,6,20,ROBBERY,11
2016,6,21,AGGRAVATED ASSAULT,10
2016,6,21,BURGLARY,39
2016,6,21,DRUG OFFENSE,12
2016,6,21,LARCENY-THEFT,101
2016,6,21,MOTOR VEHICLE THEFT,13
2016,6,21,RAPE,4
2016,6,21,ROBBERY,9
2016,6,22,AGGRAVATED ASSAULT,16
2016,6,22,BURGLARY,32
2016,6,22,DRUG OFFENSE,11
2016,6,22,LARCENY-THEFT,87
2016,6,22,MOTOR VEHICLE THEFT,26
2016,6,22,RAPE,3
2016,6,22,ROBBERY,8
2016,6,23,AGGRAVATED ASSAULT,6
2016,6,23,BURGLARY,43
2016,6,23,DRUG OFFENSE,12
2016,6,23,LARCENY-THEFT,68
2016,6,23,MOTOR VEHICLE THEFT,27
2016,6,23,MURDER AND NON-NEGLIGENT MANSLAUGHTER,1
2016,6,23,ROBBERY,5
2016,6,24,AGGRAVATED ASSAULT,20
2016,6,24,BURGLARY,40
2016,6,24,DRUG OFFENSE,13
2016,6,24,LARCENY-THEFT,93
2016,6,24,MOTOR VEHICLE THEFT,18
2016,6,24,RAPE,5
2016,6,24,ROBBERY,5
2016,6,25,AGGRAVATED ASSAULT,14
2016,6,25,BURGLARY,28
2016,6,25,DRUG OFFENSE,8
2016,6,25,LARCENY-THEFT,95
2016,6,25,MOTOR VEHICLE THEFT,21
2016,6,25,MURDER AND NON-NEGLIGENT MANSLAUGHTER,1
2016,6,25,RAPE,2
2016,6,25,ROBBERY,7
2016,6,26,AGGRAVATED ASSAULT,12
2016,6,26,ARSON,1
2016,6,26,BURGLARY,25
2016,6,26,DRUG OFFENSE,3
2016,6,26,LARCENY-THEFT,89
2016,6,26,MOTOR VEHICLE THEFT,25
2016,6,26,RAPE,5
2016,6,26,ROBBERY,6
2016,6,27,AGGRAVATED ASSAULT,12
2016,6,27,ARSON,4
2016,6,27,BURGLARY,38
2016,6,27,DRUG OFFENSE,5
2016,6,27,LARCENY-THEFT,83
2016,6,27,MOTOR VEHICLE THEFT,21
2016,6,27,RAPE,2
2016,6,27,ROBBERY,8
2016,6,28,AGGRAVATED ASSAULT,7
2016,6,28,BURGLARY,31
2016,6,28,DRUG OFFENSE,15
2016,6,28,LARCENY-THEFT,86
2016,6,28,MOTOR VEHICLE THEFT,19
2016,6,28,RAPE,3
2016,6,28,ROBBERY,6
2016,6,29,AGGRAVATED ASSAULT,14
2016,6,29,ARSON,1
2016,6,29,BURGLARY,31
2016,6,29,DRUG OFFENSE,19
2016,6,29,LARCENY-THEFT,91
2016,6,29,MOTOR VEHICLE THEFT,13
2016,6,29,RAPE,3
2016,6,29,ROBBERY,8
2016,6,30,AGGRAVATED ASSAULT,14
2016,6,30,ARSON,2
2016,6,30,BURGLARY,36
2016,6,30,DRUG OFFENSE,24
2016,6,30,LARCENY-THEFT,94
2016,6,30,MOTOR VEHICLE THEFT,23
2016,6,30,RAPE,2
2016,6,30,ROBBERY,2
2016,7,1,AGGRAVATED ASSAULT,15
2016,7,1,BURGLARY,52
2016,7,1,DRUG OFFENSE,7
2016,7,1,LARCENY-THEFT,85
2016,7,1,MOTOR VEHICLE THEFT,19
2016,7,1,RAPE,3
2016,7,1,ROBBERY,11
2016,7,2,AGGRAVATED ASSAULT,13
2016,7,2,ARSON,1
2016,7,2,BURGLARY,22
2016,7,2,DRUG OFFENSE,10
2016,7,2,LARCENY-THEFT,80
2016,7,2,MOTOR VEHICLE THEFT,19
2016,7,2,RAPE,2
2016,7,2,ROBBERY,7
2016,7,3,AGGRAVATED ASSAULT,12
2016,7,3,ARSON,2
2016,7,3,BURGLARY,22
2016,7,3,DRUG OFFENSE,5
2016,7,3,LARCENY-THEFT,64
2016,7,3,MOTOR VEHICLE THEFT,16
2016,7,3,RAPE,3
2016,7,3,ROBBERY,5
2016,7,4,AGGRAVATED ASSAULT,8
2016,7,4,ARSON,2
2016,7,4,BURGLARY,25
2016,7,4,DRUG OFFENSE,5
2016,7,4,LARCENY-THEFT,75
2016,7,4,MOTOR VEHICLE THEFT,21
2016,7,4,MURDER AND NON-NEGLIGENT MANSLAUGHTER,1
2016,7,4,RAPE,6
2016,7,4,ROBBERY,9
2016,7,5,AGGRAVATED ASSAULT,12
2016,7,5,BURGLARY,44
2016,7,5,DRUG OFFENSE,10
2016,7,5,LARCENY-THEFT,82
2016,7,5,MOTOR VEHICLE THEFT,19
2016,7,5,RAPE,4
2016,7,5,ROBBERY,5
2016,7,6,AGGRAVATED ASSAULT,14
2016,7,6,BURGLARY,29
2016,7,6,DRUG OFFENSE,21
2016,7,6,LARCENY-THEFT,74
2016,7,6,MOTOR VEHICLE THEFT,18
2016,7,6,RAPE,2
2016,7,6,ROBBERY,9
2016,7,7,AGGRAVATED ASSAULT,12
2016,7,7,ARSON,2
2016,7,7,BURGLARY,28
2016,7,7,DRUG OFFENSE,7
2016,7,7,LARCENY-THEFT,94
2016,7,7,MOTOR VEHICLE THEFT,21
2016,7,7,RAPE,1
2016,7,7,ROBBERY,5
2016,7,8,AGGRAVATED ASSAULT,9
2016,7,8,ARSON,1
2016,7,8,BURGLARY,41
2016,7,8,DRUG OFFENSE,11
2016,7,8,LARCENY-THEFT,90
2016,7,8,MOTOR VEHICLE THEFT,15
2016,7,8,RAPE,2
2016,7,8,ROBBERY,5
2016,7,9,AGGRAVATED ASSAULT,16
2016,7,9,ARSON,2
2016,7,9,BURGLARY,23
2016,7,9,DRUG OFFENSE,6
2016,7,9,LARCENY-THEFT,75
2016,7,9,MOTOR VEHICLE THEFT,19
2016,7,9,RAPE,1
2016,7,9,ROBBERY,4
2016,7,10,AGGRAVATED ASSAULT,10
2016,7,10,BURGLARY,18
2016,7,10,DRUG OFFENSE,9
2016,7,10,LARCENY-THEFT,84
2016,7,10,MOTOR VEHICLE THEFT,20
2016,7,10,RAPE,2
2016,7,10,ROBBERY,6
2016,7,11,AGGRAVATED ASSAULT,8
2016,7,11,ARSON,1
2016,7,11,BURGLARY,36
2016,7,11,DRUG OFFENSE,5
2016,7,11,LARCENY-THEFT,79
2016,7,11,MOTOR VEHICLE THEFT,22
2016,7,11,RAPE,3
2016,7,11,ROBBERY,10
2016,7,12,AGGRAVATED ASSAULT,17
2016,7,12,BURGLARY,29
2016,7,12,DRUG OFFENSE,20
2016,7,12,LARCENY-THEFT,94
2016,7,12,MOTOR VEHICLE THEFT,18
2016,7,12,RAPE,2
2016,7,12,ROBBERY,7
2016,7,13,AGGRAVATED ASSAULT,13
2016,7,13,ARSON,1
2016,7,13,BURGLARY,26
2016,7,13,DRUG OFFENSE,7
2016,7,13,LARCENY-THEFT,87
2016,7,13,MOTOR VEHICLE THEFT,21
2016,7,13,RAPE,5
2016,7,13,ROBBERY,11
2016,7,14,AGGRAVATED ASSAULT,10
2016,7,14,BURGLARY,21
2016,7,14,DRUG OFFENSE,17
2016,7,14,LARCENY-THEFT,88
2016,7,14,MOTOR VEHICLE THEFT,31
2016,7,14,RAPE,2
2016,7,14,ROBBERY,7
2016,7,15,AGGRAVATED ASSAULT,15
2016,7,15,ARSON,1
2016,7,15,BURGLARY,42
2016,7,15,DRUG OFFENSE,6
2016,7,15,LARCENY-THEFT,84
2016,7,15,MOTOR VEHICLE THEFT,20
2016,7,15,MURDER AND NON-NEGLIGENT MANSLAUGHTER,2
2016,7,15,RAPE,1
2016,7,15,ROBBERY,13
2016,7,16,AGGRAVATED ASSAULT,8
2016,7,16,ARSON,4
2016,7,16,BURGLARY,20
2016,7,16,DRUG OFFENSE,7
2016,7,16,LARCENY-THEFT,73
2016,7,16,MOTOR VEHICLE THEFT,27
2016,7,16,RAPE,3
2016,7,16,ROBBERY,5
2016,7,17,AGGRAVATED ASSAULT,19
2016,7,17,ARSON,1
2016,7,17,BURGLARY,14
2016,7,17,DRUG OFFENSE,9
2016,7,17,LARCENY-THEFT,73
2016,7,17,MOTOR VEHICLE THEFT,16
2016,7,17,RAPE,4
2016,7,17,ROBBERY,6
2016,7,18,AGGRAVATED ASSAULT,16
2016,7,18,ARSON,1
2016,7,18,BURGLARY,41
2016,7,18,DRUG OFFENSE,9
2016,7,18,LARCENY-THEFT,91
2016,7,18,MOTOR VEHICLE THEFT,27
2016,7,18,RAPE,1
2016,7,18,ROBBERY,8
2016,7,19,AGGRAVATED ASSAULT,10
2016,7,19,BURGLARY,44
2016,7,19,DRUG OFFENSE,11
2016,7,19,LARCENY-THEFT,106
2016,7,19,MOTOR VEHICLE THEFT,19
2016,7,19,RAPE,5
2016,7,19,ROBBERY,14
2016,7,20,AGGRAVATED ASSAULT,6
2016,7,20,ARSON,2
2016,7,20,BURGLARY,22
2016,7,20,DRUG OFFENSE,12
2016,7,20,LARCENY-THEFT,91
2016,7,20,MOTOR VEHICLE THEFT,20
2016,7,20,MURDER AND NON-NEGLIGENT MANSLAUGHTER,2
2016,7,20,RAPE,3
2016,7,20,ROBBERY,14
2016,7,21,AGGRAVATED ASSAULT,11
2016,7,21,ARSON,1
2016,7,21,BURGLARY,28
2016,7,21,DRUG OFFENSE,11
2016,7,21,LARCENY-THEFT,85
2016,7,21,MOTOR VEHICLE THEFT,18
2016,7,21,RAPE,2
2016,7,21,ROBBERY,6
2016,7,22,AGGRAVATED ASSAULT,7
2016,7,22,BURGLARY,28
2016,7,22,DRUG OFFENSE,17
2016,7,22,LARCENY-THEFT,88
2016,7,22,MOTOR VEHICLE THEFT,20
2016,7,22,MURDER AND NON-NEGLIGENT MANSLAUGHTER,1
2016,7,22,ROBBERY,9
2016,7,23,AGGRAVATED ASSAULT,11
2016,7,23,ARSON,1
2016,7,23,BURGLARY,21
2016,7,23,DRUG OFFENSE,8
2016,7,23,LARCENY-THEFT,85
2016,7,23,MOTOR VEHICLE THEFT,23
2016,7,23,MURDER AND NON-NEGLIGENT MANSLAUGHTER,1
2016,7,23,ROBBERY,13
2016,7,24,AGGRAVATED ASSAULT,15
2016,7,24,BURGLARY,19
2016,7,24,DRUG OFFENSE,2
2016,7,24,LARCENY-THEFT,71
2016,7,24,MOTOR VEHICLE THEFT,26
2016,7,24,RAPE,1
2016,7,24,ROBBERY,7
2016,7,25,AGGRAVATED ASSAULT,10
2016,7,25,ARSON,1
2016,7,25,BURGLARY,35
2016,7,25,DRUG OFFENSE,8
2016,7,25,LARCENY-THEFT,77
2016,7,25,MOTOR VEHICLE THEFT,22
2016,7,25,RAPE,2
2016,7,25,ROBBERY,6
2016,7,26,AGGRAVATED ASSAULT,7
2016,7,26,ARSON,1
2016,7,26,BURGLARY,24
2016,7,26,DRUG OFFENSE,16
2016,7,26,LARCENY-THEFT,72
2016,7,26,MOTOR VEHICLE THEFT,17
2016,7,26,MURDER AND NON-NEGLIGENT MANSLAUGHTER,1
2016,7,26,RAPE,4
2016,7,26,ROBBERY,8
2016,7,27,AGGRAVATED ASSAULT,8
2016,7,27,BURGLARY,36
2016,7,27,DRUG OFFENSE,17
2016,7,27,LARCENY-THEFT,82
2016,7,27,MOTOR VEHICLE THEFT,18
2016,7,27,ROBBERY,7
2016,7,28,AGGRAVATED ASSAULT,11
2016,7,28,ARSON,1
2016,7,28,BURGLARY,39
2016,7,28,DRUG OFFENSE,24
2016,7,28,LARCENY-THEFT,76
2016,7,28,MOTOR VEHICLE THEFT,12
2016,7,28,MURDER AND NON-NEGLIGENT MANSLAUGHTER,1
2016,7,28,RAPE,3
2016,7,28,ROBBERY,3
2016,7,29,AGGRAVATED ASSAULT,14
2016,7,29,ARSON,2
2016,7,29,BURGLARY,36
2016,7,29,DRUG OFFENSE,14
2016,7,29,LARCENY-THEFT,89
2016,7,29,MOTOR VEHICLE THEFT,23
2016,7,29,RAPE,3
2016,7,29,ROBBERY,10
2016,7,30,AGGRAVATED ASSAULT,12
2016,7,30,BURGLARY,24
2016,7,30,DRUG OFFENSE,5
2016,7,30,LARCENY-THEFT,98
2016,7,30,MOTOR VEHICLE THEFT,22
2016,7,30,MURDER AND NON-NEGLIGENT MANSLAUGHTER,1
2016,7,30,ROBBERY,5
2016,7,31,AGGRAVATED ASSAULT,9
2016,7,31,ARSON,1
2016,7,31,BURGLARY,24
2016,7,31,DRUG OFFENSE,10
2016,7,31,LARCENY-THEFT,66
2016,7,31,MOTOR VEHICLE THEFT,14
2016,7,31,RAPE,2
2016,7,31,ROBBERY,10
2016,8,1,AGGRAVATED ASSAULT,10
2016,8,1,BURGLARY,36
2016,8,1,DRUG OFFENSE,10
2016,8,1,LARCENY-THEFT,106
2016,8,1,MOTOR VEHICLE THEFT,22
2016,8,1,RAPE,3
2016,8,1,ROBBERY,8
2016,8,2,AGGRAVATED ASSAULT,6
2016,8,2,ARSON,2
2016,8,2,BURGLARY,33
2016,8,2,DRUG OFFENSE,8
2016,8,2,LARCENY-THEFT,93
2016,8,2,MOTOR VEHICLE THEFT,17
2016,8,2,RAPE,3
2016,8,2,ROBBERY,6
2016,8,3,AGGRAVATED ASSAULT,13
2016,8,3,BURGLARY,36
2016,8,3,DRUG OFFENSE,19
2016,8,3,LARCENY-THEFT,84
2016,8,3,MOTOR VEHICLE THEFT,19
2016,8,3,RAPE,4
2016,8,3,ROBBERY,8
2016,8,4,AGGRAVATED ASSAULT,10
2016,8,4,ARSON,1
2016,8,4,BURGLARY,35
2016,8,4,DRUG OFFENSE,21
2016,8,4,LARCENY-THEFT,86
2016,8,4,MOTOR VEHICLE THEFT,27
2016,8,4,RAPE,4
2016,8,4,ROBBERY,9
2016,8,5,AGGRAVATED ASSAULT,7
2016,8,5,BURGLARY,40
2016,8,5,DRUG OFFENSE,11
2016,8,5,LARCENY-THEFT,77
2016,8,5,MOTOR VEHICLE THEFT,31
2016,8,5,MURDER AND NON-NEGLIGENT MANSLAUGHTER,1
2016,8,5,RAPE,2
2016,8,5,ROBBERY,8
2016,8,6,AGGRAVATED ASSAULT,10
2016,8,6,ARSON,1
2016,8,6,BURGLARY,25
2016,8,6,DRUG OFFENSE,12
2016,8,6,LARCENY-THEFT,79
2016,8,6,MOTOR VEHICLE THEFT,29
2016,8,6,MURDER AND NON-NEGLIGENT MANSLAUGHTER,1
2016,8,6,RAPE,1
2016,8,6,ROBBERY,3
2016,8,7,AGGRAVATED ASSAULT,16
2016,8,7,BURGLARY,22
2016,8,7,DRUG OFFENSE,5
2016,8,7,LARCENY-THEFT,78
2016,8,7,MOTOR VEHICLE THEFT,18
2016,8,7,RAPE,4
2016,8,7,ROBBERY,6
2016,8,8,AGGRAVATED ASSAULT,9
2016,8,8,ARSON,3
2016,8,8,BURGLARY,33
2016,8,8,DRUG OFFENSE,16
2016,8,8,LARCENY-THEFT,82
2016,8,8,MOTOR VEHICLE THEFT,10
2016,8,8,MURDER AND NON-NEGLIGENT MANSLAUGHTER,1
2016,8,8,RAPE,4
2016,8,8,ROBBERY,1
2016,8,9,AGGRAVATED ASSAULT,16
2016,8,9,ARSON,2
2016,8,9,BURGLARY,36
2016,8,9,DRUG OFFENSE,22
2016,8,9,LARCENY-THEFT,90
2016,8,9,MOTOR VEHICLE THEFT,16
2016,8,9,RAPE,1
2016,8,9,ROBBERY,5
2016,8,10,AGGRAVATED ASSAULT,6
2016,8,10,ARSON,1
2016,8,10,BURGLARY,38
2016,8,10,DRUG OFFENSE,19
2016,8,10,LARCENY-THEFT,97
2016,8,10,MOTOR VEHICLE THEFT,16
2016,8,10,MURDER AND NON-NEGLIGENT MANSLAUGHTER,1
2016,8,10,RAPE,3
2016,8,10,ROBBERY,9
2016,8,11,AGGRAVATED ASSAULT,7
2016,8,11,BURGLARY,35
2016,8,11,DRUG OFFENSE,20
2016,8,11,LARCENY-THEFT,98
2016,8,11,MOTOR VEHICLE THEFT,18
2016,8,11,MURDER AND NON-NEGLIGENT MANSLAUGHTER,2
2016,8,11,RAPE,3
2016,8,11,ROBBERY,11
2016,8,12,AGGRAVATED ASSAULT,12
2016,8,12,BURGLARY,39
2016,8,12,DRUG OFFENSE,17
2016,8,12,LARCENY-THEFT,87
2016,8,12,MOTOR VEHICLE THEFT,20
2016,8,12,RAPE,3
2016,8,12,ROBBERY,4
2016,8,13,AGGRAVATED ASSAULT,12
2016,8,13,BURGLARY,27
2016,8,13,DRUG OFFENSE,11
2016,8,13,LARCENY-THEFT,89
2016,8,13,MOTOR VEHICLE THEFT,24
2016,8,13,RAPE,1
2016,8,13,ROBBERY,10
2016,8,14,AGGRAVATED ASSAULT,10
2016,8,14,BURGLARY,30
2016,8,14,DRUG OFFENSE,15
2016,8,14,LARCENY-THEFT,66
2016,8,14,MOTOR VEHICLE THEFT,24
2016,8,14,RAPE,5
2016,8,14,ROBBERY,5
2016,8,15,AGGRAVATED ASSAULT,10
2016,8,15,ARSON,2
2016,8,15,BURGLARY,39
2016,8,15,DRUG OFFENSE,16
2016,8,15,LARCENY-THEFT,84
2016,8,15,MOTOR VEHICLE THEFT,19
2016,8,15,MURDER AND NON-NEGLIGENT MANSLAUGHTER,1
2016,8,15,ROBBERY,4
2016,8,16,AGGRAVATED ASSAULT,13
2016,8,16,ARSON,1
2016,8,16,BURGLARY,37
2016,8,16,DRUG OFFENSE,14
2016,8,16,LARCENY-THEFT,73
2016,8,16,MOTOR VEHICLE THEFT,12
2016,8,16,MURDER AND NON-NEGLIGENT MANSLAUGHTER,1
2016,8,16,RAPE,1
2016,8,16,ROBBERY,8
2016,8,17,AGGRAVATED ASSAULT,10
2016,8,17,ARSON,1
2016,8,17,BURGLARY,35
2016,8,17,DRUG OFFENSE,22
2016,8,17,LARCENY-THEFT,88
2016,8,17,MOTOR VEHICLE THEFT,20
2016,8,17,MURDER AND NON-NEGLIGENT MANSLAUGHTER,1
2016,8,17,RAPE,3
2016,8,17,ROBBERY,11
2016,8,18,AGGRAVATED ASSAULT,17
2016,8,18,ARSON,1
2016,8,18,BURGLARY,36
2016,8,18,DRUG OFFENSE,18
2016,8,18,LARCENY-THEFT,79
2016,8,18,MOTOR VEHICLE THEFT,21
2016,8,18,RAPE,4
2016,8,18,ROBBERY,15
2016,8,19,AGGRAVATED ASSAULT,17
2016,8,19,BURGLARY,36
2016,8,19,DRUG OFFENSE,9
2016,8,19,LARCENY-THEFT,83
2016,8,19,MOTOR VEHICLE THEFT,21
2016,8,19,RAPE,2
2016,8,19,ROBBERY,6
2016,8,20,AGGRAVATED ASSAULT,6
2016,8,20,ARSON,1
2016,8,20,BURGLARY,26
2016,8,20,DRUG OFFENSE,16
2016,8,20,LARCENY-THEFT,109
2016,8,20,MOTOR VEHICLE THEFT,23
2016,8,20,MURDER AND NON-NEGLIGENT MANSLAUGHTER,1
2016,8,20,RAPE,4
2016,8,20,ROBBERY,3
2016,8,21,AGGRAVATED ASSAULT,15
2016,8,21,ARSON,1
2016,8,21,BURGLARY,29
2016,8,21,DRUG OFFENSE,5
2016,8,21,LARCENY-THEFT,70
2016,8,21,MOTOR VEHICLE THEFT,18
2016,8,21,ROBBERY,7
2016,8,22,AGGRAVATED ASSAULT,8
2016,8,22,ARSON,1
2016,8,22,BURGLARY,35
2016,8,22,DRUG OFFENSE,6
2016,8,22,LARCENY-THEFT,94
2016,8,22,MOTOR VEHICLE THEFT,21
2016,8,22,MURDER AND NON-NEGLIGENT MANSLAUGHTER,1
2016,8,22,RAPE,2
2016,8,22,ROBBERY,10
2016,8,23,AGGRAVATED ASSAULT,9
2016,8,23,BURGLARY,41
2016,8,23,DRUG OFFENSE,17
2016,8,23,LARCENY-THEFT,99
2016,8,23,MOTOR VEHICLE THEFT,30
2016,8,23,MURDER AND NON-NEGLIGENT MANSLAUGHTER,1
2016,8,23,RAPE,4
2016,8,23,ROBBERY,4
2016,8,24,AGGRAVATED ASSAULT,10
2016,8,24,BURGLARY,42
2016,8,24,DRUG OFFENSE,23
2016,8,24,LARCENY-THEFT,80
2016,8,24,MOTOR VEHICLE THEFT,21
2016,8,24,RAPE,3
2016,8,24,ROBBERY,4
2016,8,25,AGGRAVATED ASSAULT,14
2016,8,25,BURGLARY,36
2016,8,25,DRUG OFFENSE,12
2016,8,25,LARCENY-THEFT,87
2016,8,25,MOTOR VEHICLE THEFT,23
2016,8,25,MURDER AND NON-NEGLIGENT MANSLAUGHTER,1
2016,8,25,RAPE,1
2016,8,25,ROBBERY,6
2016,8,26,AGGRAVATED ASSAULT,16
2016,8,26,BURGLARY,28
2016,8,26,DRUG OFFENSE,9
2016,8,26,LARCENY-THEFT,81
2016,8,26,MOTOR VEHICLE THEFT,18
2016,8,26,RAPE,4
2016,8,26,ROBBERY,9
2016,8,27,AGGRAVATED ASSAULT,16
2016,8,27,ARSON,2
2016,8,27,BURGLARY,20
2016,8,27,DRUG OFFENSE,12
2016,8,27,LARCENY-THEFT,78
2016,8,27,MOTOR VEHICLE THEFT,27
2016,8,27,RAPE,4
2016,8,27,ROBBERY,8
2016,8,28,AGGRAVATED ASSAULT,13
2016,8,28,BURGLARY,20
2016,8,28,DRUG OFFENSE,7
2016,8,28,LARCENY-THEFT,72
2016,8,28,MOTOR VEHICLE THEFT,20
2016,8,28,RAPE,1
2016,8,28,ROBBERY,8
2016,8,29,AGGRAVATED ASSAULT,11
2016,8,29,BURGLARY,31
2016,8,29,DRUG OFFENSE,13
2016,8,29,LARCENY-THEFT,76
2016,8,29,MOTOR VEHICLE THEFT,20
2016,8,29,RAPE,1
2016,8,29,ROBBERY,11
2016,8,30,AGGRAVATED ASSAULT,13
2016,8,30,ARSON,1
2016,8,30,BURGLARY,34
2016,8,30,DRUG OFFENSE,15
2016,8,30,LARCENY-THEFT,81
2016,8,30,MOTOR VEHICLE THEFT,23
2016,8,30,RAPE,3
2016,8,30,ROBBERY,7
2016,8,31,AGGRAVATED ASSAULT,14
2016,8,31,ARSON,2
2016,8,31,BURGLARY,33
2016,8,31,DRUG OFFENSE,13
2016,8,31,LARCENY-THEFT,106
2016,8,31,MOTOR VEHICLE THEFT,16
2016,8,31,RAPE,3
2016,8,31,ROBBERY,8
2016,9,1,AGGRAVATED ASSAULT,12
2016,9,1,BURGLARY,40
2016,9,1,DRUG OFFENSE,21
2016,9,1,LARCENY-THEFT,93
2016,9,1,MOTOR VEHICLE THEFT,20
2016,9,1,MURDER AND NON-NEGLIGENT MANSLAUGHTER,1
2016,9,1,RAPE,3
2016,9,1,ROBBERY,10
2016,9,2,AGGRAVATED ASSAULT,18
2016,9,2,ARSON,2
2016,9,2,BURGLARY,43
2016,9,2,DRUG OFFENSE,18
2016,9,2,LARCENY-THEFT,91
2016,9,2,MOTOR VEHICLE THEFT,33
2016,9,2,MURDER AND NON-NEGLIGENT MANSLAUGHTER,1
2016,9,2,ROBBERY,9
2016,9,3,AGGRAVATED ASSAULT,16
2016,9,3,ARSON,1
2016,9,3,BURGLARY,29
2016,9,3,DRUG OFFENSE,11
2016,9,3,LARCENY-THEFT,95
2016,9,3,MOTOR VEHICLE THEFT,29
2016,9,3,MURDER AND NON-NEGLIGENT MANSLAUGHTER,1
2016,9,3,RAPE,2
2016,9,3,ROBBERY,7
2016,9,4,AGGRAVATED ASSAULT,22
2016,9,4,BURGLARY,18
2016,9,4,DRUG OFFENSE,7
2016,9,4,LARCENY-THEFT,81
2016,9,4,MOTOR VEHICLE THEFT,18
2016,9,4,RAPE,2
2016,9,4,ROBBERY,7
2016,9,5,AGGRAVATED ASSAULT,13
2016,9,5,BURGLARY,21
2016,9,5,DRUG OFFENSE,12
2016,9,5,LARCENY-THEFT,75
2016,9,5,MOTOR VEHICLE THEFT,22
2016,9,5,MURDER AND NON-NEGLIGENT MANSLAUGHTER,1
2016,9,5,RAPE,3
2016,9,5,ROBBERY,7
2016,9,6,AGGRAVATED ASSAULT,13
2016,9,6,BURGLARY,33
2016,9,6,DRUG OFFENSE,19
2016,9,6,LARCENY-THEFT,101
2016,9,6,MOTOR VEHICLE THEFT,18
2016,9,6,RAPE,4
2016,9,6,ROBBERY,7
2016,9,7,AGGRAVATED ASSAULT,9
2016,9,7,ARSON,1
2016,9,7,BURGLARY,26
2016,9,7,DRUG OFFENSE,19
2016,9,7,LARCENY-THEFT,55
2016,9,7,MOTOR VEHICLE THEFT,17
2016,9,7,RAPE,3
2016,9,7,ROBBERY,12
2016,9,8,AGGRAVATED ASSAULT,10
2016,9,8,BURGLARY,34
2016,9,8,DRUG OFFENSE,13
2016,9,8,LARCENY-THEFT,85
2016,9,8,MOTOR VEHICLE THEFT,28
2016,9,8,RAPE,2
2016,9,8,ROBBERY,7
2016,9,9,AGGRAVATED ASSAULT,13
2016,9,9,ARSON,2
2016,9,9,BURGLARY,48
2016,9,9,DRUG OFFENSE,15
2016,9,9,LARCENY-THEFT,104
2016,9,9,MOTOR VEHICLE THEFT,20
2016,9,9,RAPE,3
2016,9,9,ROBBERY,7
2016,9,10,AGGRAVATED ASSAULT,8
2016,9,10,BURGLARY,24
2016,9,10,DRUG OFFENSE,14
2016,9,10,LARCENY-THEFT,74
2016,9,10,MOTOR VEHICLE THEFT,20
2016,9,10,RAPE,4
2016,9,10,ROBBERY,7
2016,9,11,AGGRAVATED ASSAULT,15
2016,9,11,ARSON,1
2016,9,11,BURGLARY,19
2016,9,11,DRUG OFFENSE,5
2016,9,11,LARCENY-THEFT,68
2016,9,11,MOTOR VEHICLE THEFT,14
2016,9,11,RAPE,2
2016,9,11,ROBBERY,3
2016,9,12,AGGRAVATED ASSAULT,13
2016,9,12,ARSON,2
2016,9,12,BURGLARY,45
2016,9,12,DRUG OFFENSE,11
2016,9,12,LARCENY-THEFT,78
2016,9,12,MOTOR VEHICLE THEFT,24
2016,9,12,RAPE,2
2016,9,12,ROBBERY,8
2016,9,13,AGGRAVATED ASSAULT,11
2016,9,13,ARSON,1
2016,9,13,BURGLARY,33
2016,9,13,DRUG OFFENSE,16
2016,9,13,LARCENY-THEFT,78
2016,9,13,MOTOR VEHICLE THEFT,24
2016,9,13,MURDER AND NON-NEGLIGENT MANSLAUGHTER,1
2016,9,13,RAPE,1
2016,9,13,ROBBERY,8
2016,9,14,AGGRAVATED ASSAULT,8
2016,9,14,BURGLARY,34
2016,9,14,DRUG OFFENSE,25
2016,9,14,LARCENY-THEFT,86
2016,9,14,MOTOR VEHICLE THEFT,24
2016,9,14,RAPE,3
2016,9,14,ROBBERY,6
2016,9,15,AGGRAVATED ASSAULT,9
2016,9,15,ARSON,2
2016,9,15,BURGLARY,26
2016,9,15,DRUG OFFENSE,19
2016,9,15,LARCENY-THEFT,68
2016,9,15,MOTOR VEHICLE THEFT,22
2016,9,15,RAPE,2
2016,9,15,ROBBERY,8
2016,9,16,AGGRAVATED ASSAULT,13
2016,9,16,BURGLARY,46
2016,9,16,DRUG OFFENSE,21
2016,9,16,LARCENY-THEFT,78
2016,9,16,MOTOR VEHICLE THEFT,21
2016,9,16,RAPE,1
2016,9,16,ROBBERY,9
2016,9,17,AGGRAVATED ASSAULT,6
2016,9,17,ARSON,2
2016,9,17,BURGLARY,35
2016,9,17,DRUG OFFENSE,15
2016,9,17,LARCENY-THEFT,75
2016,9,17,MOTOR VEHICLE THEFT,22
2016,9,17,MURDER AND NON-NEGLIGENT MANSLAUGHTER,1
2016,9,17,RAPE,4
2016,9,17,ROBBERY,6
2016,9,18,AGGRAVATED ASSAULT,20
2016,9,18,ARSON,1
2016,9,18,BURGLARY,35
2016,9,18,DRUG OFFENSE,7
2016,9,18,LARCENY-THEFT,58
2016,9,18,MOTOR VEHICLE THEFT,20
2016,9,18,RAPE,2
2016,9,18,ROBBERY,9
2016,9,19,AGGRAVATED ASSAULT,14
2016,9,19,BURGLARY,40
2016,9,19,DRUG OFFENSE,9
2016,9,19,LARCENY-THEFT,91
2016,9,19,MOTOR VEHICLE THEFT,24
2016,9,19,RAPE,4
2016,9,19,ROBBERY,5
2016,9,20,AGGRAVATED ASSAULT,11
2016,9,20,ARSON,1
2016,9,20,BURGLARY,44
2016,9,20,DRUG OFFENSE,20
2016,9,20,LARCENY-THEFT,105
2016,9,20,MOTOR VEHICLE THEFT,22
2016,9,20,RAPE,2
2016,9,20,ROBBERY,5
2016,9,21,AGGRAVATED ASSAULT,14
2016,9,21,BURGLARY,24
2016,9,21,DRUG OFFENSE,23
2016,9,21,LARCENY-THEFT,94
2016,9,21,MOTOR VEHICLE THEFT,19
2016,9,21,RAPE,1
2016,9,21,ROBBERY,6
2016,9,22,AGGRAVATED ASSAULT,5
2016,9,22,ARSON,3
2016,9,22,BURGLARY,31
2016,9,22,DRUG OFFENSE,16
2016,9,22,LARCENY-THEFT,90
2016,9,22,MOTOR VEHICLE THEFT,24
2016,9,22,RAPE,4
2016,9,22,ROBBERY,2
2016,9,23,AGGRAVATED ASSAULT,9
2016,9,23,BURGLARY,34
2016,9,23,DRUG OFFENSE,13
2016,9,23,LARCENY-THEFT,105
2016,9,23,MOTOR VEHICLE THEFT,13
2016,9,23,RAPE,2
2016,9,23,ROBBERY,9
2016,9,24,AGGRAVATED ASSAULT,9
2016,9,24,ARSON,2
2016,9,24,BURGLARY,29
2016,9,24,DRUG OFFENSE,8
2016,9,24,LARCENY-THEFT,78
2016,9,24,MOTOR VEHICLE THEFT,22
2016,9,24,RAPE,3
2016,9,24,ROBBERY,3
2016,9,25,AGGRAVATED ASSAULT,10
2016,9,25,BURGLARY,22
2016,9,25,DRUG OFFENSE,6
2016,9,25,LARCENY-THEFT,94
2016,9,25,MOTOR VEHICLE THEFT,18
2016,9,25,MURDER AND NON-NEGLIGENT MANSLAUGHTER,1
2016,9,25,RAPE,1
2016,9,25,ROBBERY,4
2016,9,26,AGGRAVATED ASSAULT,7
2016,9,26,ARSON,1
2016,9,26,BURGLARY,34
2016,9,26,DRUG OFFENSE,10
2016,9,26,LARCENY-THEFT,70
2016,9,26,MOTOR VEHICLE THEFT,24
2016,9,26,MURDER AND NON-NEGLIGENT MANSLAUGHTER,1
2016,9,26,RAPE,1
2016,9,26,ROBBERY,3
2016,9,27,AGGRAVATED ASSAULT,15
2016,9,27,ARSON,2
2016,9,27,BURGLARY,25
2016,9,27,DRUG OFFENSE,12
2016,9,27,LARCENY-THEFT,86
2016,9,27,MOTOR VEHICLE THEFT,18
2016,9,27,ROBBERY,10
2016,9,28,AGGRAVATED ASSAULT,9
2016,9,28,BURGLARY,30
2016,9,28,DRUG OFFENSE,17
2016,9,28,LARCENY-THEFT,82
2016,9,28,MOTOR VEHICLE THEFT,24
2016,9,28,RAPE,1
2016,9,28,ROBBERY,7
2016,9,29,AGGRAVATED ASSAULT,12
2016,9,29,ARSON,2
2016,9,29,BURGLARY,30
2016,9,29,DRUG OFFENSE,26
2016,9,29,LARCENY-THEFT,81
2016,9,29,MOTOR VEHICLE THEFT,25
2016,9,29,MURDER AND NON-NEGLIGENT MANSLAUGHTER,1
2016,9,29,RAPE,4
2016,9,29,ROBBERY,11
2016,9,30,AGGRAVATED ASSAULT,15
2016,9,30,BURGLARY,28
2016,9,30,DRUG OFFENSE,24
2016,9,30,LARCENY-THEFT,88
2016,9,30,MOTOR VEHICLE THEFT,22
2016,9,30,RAPE,2
2016,9,30,ROBBERY,10
2016,10,1,AGGRAVATED ASSAULT,8
2016,10,1,ARSON,3
2016,10,1,BURGLARY,33
2016,10,1,DRUG OFFENSE,10
2016,10,1,LARCENY-THEFT,99
2016,10,1,MOTOR VEHICLE THEFT,25
2016,10,1,RAPE,7
2016,10,1,ROBBERY,7
2016,10,2,AGGRAVATED ASSAULT,11
2016,10,2,ARSON,1
2016,10,2,BURGLARY,19
2016,10,2,DRUG OFFENSE,5
2016,10,2,LARCENY-THEFT,66
2016,10,2,MOTOR VEHICLE THEFT,20
2016,10,2,RAPE,1
2016,10,2,ROBBERY,5
2016,10,3,AGGRAVATED ASSAULT,11
2016,10,3,ARSON,1
2016,10,3,BURGLARY,29
2016,10,3,DRUG OFFENSE,10
2016,10,3,LARCENY-THEFT,88
2016,10,3,MOTOR VEHICLE THEFT,21
2016,10,3,RAPE,2
2016,10,3,ROBBERY,6
2016,10,4,AGGRAVATED ASSAULT,10
2016,10,4,BURGLARY,29
2016,10,4,DRUG OFFENSE,18
2016,10,4,LARCENY-THEFT,78
2016,10,4,MOTOR VEHICLE THEFT,22
2016,10,4,RAPE,2
2016,10,4,ROBBERY,5
2016,10,5,AGGRAVATED ASSAULT,10
2016,10,5,ARSON,1
2016,10,5,BURGLARY,32
2016,10,5,DRUG OFFENSE,22
2016,10,5,LARCENY-THEFT,94
2016,10,5,MOTOR VEHICLE THEFT,16
2016,10,5,RAPE,2
2016,10,5,ROBBERY,5
2016,10,6,AGGRAVATED ASSAULT,9
2016,10,6,ARSON,1
2016,10,6,BURGLARY,28
2016,10,6,DRUG OFFENSE,14
2016,10,6,LARCENY-THEFT,90
2016,10,6,MOTOR VEHICLE THEFT,23
2016,10,6,MURDER AND NON-NEGLIGENT MANSLAUGHTER,1
2016,10,6,RAPE,2
2016,10,6,ROBBERY,4
2016,10,7,AGGRAVATED ASSAULT,5
2016,10,7,ARSON,1
2016,10,7,BURGLARY,37
2016,10,7,DRUG OFFENSE,20
2016,10,7,LARCENY-THEFT,90
2016,10,7,MOTOR VEHICLE THEFT,25
2016,10,7,MURDER AND NON-NEGLIGENT MANSLAUGHTER,1
2016,10,7,RAPE,1
2016,10,7,ROBBERY,3
2016,10,8,AGGRAVATED ASSAULT,10
2016,10,8,BURGLARY,26
2016,10,8,DRUG OFFENSE,11
2016,10,8,LARCENY-THEFT,74
2016,10,8,MOTOR VEHICLE THEFT,13
2016,10,8,RAPE,4
2016,10,8,ROBBERY,10
2016,10,9,AGGRAVATED ASSAULT,11
2016,10,9,ARSON,2
2016,10,9,BURGLARY,23
2016,10,9,DRUG OFFENSE,12
2016,10,9,LARCENY-THEFT,68
2016,10,9,MOTOR VEHICLE THEFT,21
2016,10,9,MURDER AND NON-NEGLIGENT MANSLAUGHTER,1
2016,10,9,RAPE,3
2016,10,9,ROBBERY,8
2016,10,10,AGGRAVATED ASSAULT,11
2016,10,10,ARSON,1
2016,10,10,BURGLARY,45
2016,10,10,DRUG OFFENSE,11
2016,10,10,LARCENY-THEFT,103
2016,10,10,MOTOR VEHICLE THEFT,22
2016,10,10,RAPE,3
2016,10,10,ROBBERY,10
2016,10,11,AGGRAVATED ASSAULT,10
2016,10,11,BURGLARY,38
2016,10,11,DRUG OFFENSE,14
2016,10,11,LARCENY-THEFT,92
2016,10,11,MOTOR VEHICLE THEFT,17
2016,10,11,ROBBERY,10
2016,10,12,AGGRAVATED ASSAULT,7
2016,10,12,BURGLARY,24
2016,10,12,DRUG OFFENSE,14
2016,10,12,LARCENY-THEFT,80
2016,10,12,MOTOR VEHICLE THEFT,21
2016,10,12,RAPE,3
2016,10,12,ROBBERY,5
2016,10,13,AGGRAVATED ASSAULT,9
2016,10,13,BURGLARY,29
2016,10,13,DRUG OFFENSE,15
2016,10,13,LARCENY-THEFT,107
2016,10,13,MOTOR VEHICLE THEFT,24
2016,10,13,RAPE,2
2016,10,13,ROBBERY,6
2016,10,14,AGGRAVATED ASSAULT,10
2016,10,14,BURGLARY,30
2016,10,14,DRUG OFFENSE,15
2016,10,14,LARCENY-THEFT,85
2016,10,14,MOTOR VEHICLE THEFT,29
2016,10,14,MURDER AND NON-NEGLIGENT MANSLAUGHTER,1
2016,10,14,RAPE,2
2016,10,14,ROBBERY,9
2016,10,15,AGGRAVATED ASSAULT,12
2016,10,15,ARSON,1
2016,10,15,BURGLARY,27
2016,10,15,DRUG OFFENSE,11
2016,10,15,LARCENY-THEFT,75
2016,10,15,MOTOR VEHICLE THEFT,20
2016,10,15,RAPE,2
2016,10,15,ROBBERY,10
2016,10,16,AGGRAVATED ASSAULT,14
2016,10,16,ARSON,1
2016,10,16,BURGLARY,26
2016,10,16,DRUG OFFENSE,4
2016,10,16,LARCENY-THEFT,81
2016,10,16,MOTOR VEHICLE THEFT,24
2016,10,16,MURDER AND NON-NEGLIGENT MANSLAUGHTER,1
2016,10,16,RAPE,6
2016,10,16,ROBBERY,9
2016,10,17,AGGRAVATED ASSAULT,11
2016,10,17,BURGLARY,36
2016,10,17,DRUG OFFENSE,14
2016,10,17,LARCENY-THEFT,78
2016,10,17,MOTOR VEHICLE THEFT,18
2016,10,17,RAPE,4
2016,10,17,ROBBERY,8
2016,10,18,AGGRAVATED ASSAULT,11
2016,10,18,BURGLARY,37
2016,10,18,DRUG OFFENSE,17
2016,10,18,LARCENY-THEFT,96
2016,10,18,MOTOR VEHICLE THEFT,22
2016,10,18,MURDER AND NON-NEGLIGENT MANSLAUGHTER,1
2016,10,18,ROBBERY,7
2016,10,19,AGGRAVATED ASSAULT,10
2016,10,19,ARSON,1
2016,10,19,BURGLARY,28
2016,10,19,DRUG OFFENSE,12
2016,10,19,LARCENY-THEFT,88
2016,10,19,MOTOR VEHICLE THEFT,17
2016,10,19,RAPE,2
2016,10,19,ROBBERY,12
2016,10,20,AGGRAVATED ASSAULT,10
2016,10,20,ARSON,1
2016,10,20,BURGLARY,43
2016,10,20,DRUG OFFENSE,14
2016,10,20,LARCENY-THEFT,101
2016,10,20,MOTOR VEHICLE THEFT,16
2016,10,20,MURDER AND NON-NEGLIGENT MANSLAUGHTER,1
2016,10,20,ROBBERY,4
2016,10,21,AGGRAVATED ASSAULT,6
2016,10,21,ARSON,2
2016,10,21,BURGLARY,45
2016,10,21,DRUG OFFENSE,12
2016,10,21,LARCENY-THEFT,98
2016,10,21,MOTOR VEHICLE THEFT,15
2016,10,21,MURDER AND NON-NEGLIGENT MANSLAUGHTER,1
2016,10,21,RAPE,2
2016,10,21,ROBBERY,12
2016,10,22,AGGRAVATED ASSAULT,11
2016,10,22,ARSON,2
2016,10,22,BURGLARY,20
2016,10,22,DRUG OFFENSE,11
2016,10,22,LARCENY-THEFT,88
2016,10,22,MOTOR VEHICLE THEFT,17
2016,10,22,MURDER AND NON-NEGLIGENT MANSLAUGHTER,1
2016,10,22,ROBBERY,1
2016,10,23,AGGRAVATED ASSAULT,16
2016,10,23,BURGLARY,22
2016,10,23,DRUG OFFENSE,7
2016,10,23,LARCENY-THEFT,84
2016,10,23,MOTOR VEHICLE THEFT,23
2016,10,23,RAPE,4
2016,10,23,ROBBERY,10
2016,10,24,AGGRAVATED ASSAULT,3
2016,10,24,BURGLARY,32
2016,10,24,DRUG OFFENSE,8
2016,10,24,LARCENY-THEFT,88
2016,10,24,MOTOR VEHICLE THEFT,17
2016,10,24,MURDER AND NON-NEGLIGENT MANSLAUGHTER,2
2016,10,24,RAPE,1
2016,10,24,ROBBERY,5
2016,10,25,AGGRAVATED ASSAULT,9
2016,10,25,BURGLARY,29
2016,10,25,DRUG OFFENSE,20
2016,10,25,LARCENY-THEFT,87
2016,10,25,MOTOR VEHICLE THEFT,18
2016,10,25,RAPE,2
2016,10,25,ROBBERY,4
2016,10,26,AGGRAVATED ASSAULT,6
2016,10,26,BURGLARY,33
2016,10,26,DRUG OFFENSE,21
2016,10,26,LARCENY-THEFT,87
2016,10,26,MOTOR VEHICLE THEFT,23
2016,10,26,RAPE,2
2016,10,26,ROBBERY,13
2016,10,27,AGGRAVATED ASSAULT,15
2016,10,27,ARSON,4
2016,10,27,BURGLARY,37
2016,10,27,DRUG OFFENSE,19
2016,10,27,LARCENY-THEFT,84
2016,10,27,MOTOR VEHICLE THEFT,16
2016,10,27,ROBBERY,3
2016,10,28,AGGRAVATED ASSAULT,18
2016,10,28,BURGLARY,42
2016,10,28,DRUG OFFENSE,12
2016,10,28,LARCENY-THEFT,81
2016,10,28,MOTOR VEHICLE THEFT,11
2016,10,28,RAPE,1
2016,10,28,ROBBERY,6
2016,10,29,AGGRAVATED ASSAULT,8
2016,10,29,ARSON,1
2016,10,29,BURGLARY,23
2016,10,29,DRUG OFFENSE,5
2016,10,29,LARCENY-THEFT,86
2016,10,29,MOTOR VEHICLE THEFT,18
2016,10,29,MURDER AND NON-NEGLIGENT MANSLAUGHTER,1
2016,10,29,RAPE,3
2016,10,29,ROBBERY,3
2016,10,30,AGGRAVATED ASSAULT,19
2016,10,30,ARSON,2
2016,10,30,BURGLARY,26
2016,10,30,DRUG OFFENSE,5
2016,10,30,LARCENY-THEFT,86
2016,10,30,MOTOR VEHICLE THEFT,22
2016,10,30,RAPE,3
2016,10,30,ROBBERY,7
2016,10,31,AGGRAVATED ASSAULT,8
2016,10,31,ARSON,2
2016,10,31,BURGLARY,36
2016,10,31,DRUG OFFENSE,11
2016,10,31,LARCENY-THEFT,91
2016,10,31,MOTOR VEHICLE THEFT,25
2016,10,31,MURDER AND NON-NEGLIGENT MANSLAUGHTER,1
2016,10,31,RAPE,3
2016,10,31,ROBBERY,13
2016,11,1,AGGRAVATED ASSAULT,8
2016,11,1,ARSON,1
2016,11,1,BURGLARY,35
2016,11,1,DRUG OFFENSE,14
2016,11,1,LARCENY-THEFT,89
2016,11,1,MOTOR VEHICLE THEFT,29
2016,11,1,ROBBERY,8
2016,11,2,AGGRAVATED ASSAULT,15
2016,11,2,BURGLARY,44
2016,11,2,DRUG OFFENSE,16
2016,11,2,LARCENY-THEFT,99
2016,11,2,MOTOR VEHICLE THEFT,11
2016,11,2,RAPE,1
2016,11,2,ROBBERY,5
2016,11,3,AGGRAVATED ASSAULT,9
2016,11,3,BURGLARY,32
2016,11,3,DRUG OFFENSE,13
2016,11,3,LARCENY-THEFT,80
2016,11,3,MOTOR VEHICLE THEFT,20
2016,11,3,RAPE,2
2016,11,3,ROBBERY,8
2016,11,4,AGGRAVATED ASSAULT,11
2016,11,4,BURGLARY,42
2016,11,4,DRUG OFFENSE,27
2016,11,4,LARCENY-THEFT,84
2016,11,4,MOTOR VEHICLE THEFT,23
2016,11,4,MURDER AND NON-NEGLIGENT MANSLAUGHTER,1
2016,11,4,RAPE,4
2016,11,4,ROBBERY,5
2016,11,5,AGGRAVATED ASSAULT,18
2016,11,5,ARSON,1
2016,11,5,BURGLARY,18
2016,11,5,DRUG OFFENSE,13
2016,11,5,LARCENY-THEFT,80
2016,11,5,MOTOR VEHICLE THEFT,24
2016,11,5,MURDER AND NON-NEGLIGENT MANSLAUGHTER,1
2016,11,5,RAPE,4
2016,11,5,ROBBERY,9
2016,11,6,AGGRAVATED ASSAULT,7
2016,11,6,BURGLARY,20
2016,11,6,DRUG OFFENSE,7
2016,11,6,LARCENY-THEFT,83
2016,11,6,MOTOR VEHICLE THEFT,24
2016,11,6,MURDER AND NON-NEGLIGENT MANSLAUGHTER,1
2016,11,6,ROBBERY,5
2016,11,7,AGGRAVATED ASSAULT,16
2016,11,7,BURGLARY,33
2016,11,7,DRUG OFFENSE,7
2016,11,7,LARCENY-THEFT,85
2016,11,7,MOTOR VEHICLE THEFT,13
2016,11,7,RAPE,1
2016,11,7,ROBBERY,7
2016,11,8,AGGRAVATED ASSAULT,12
2016,11,8,BURGLARY,36
2016,11,8,DRUG OFFENSE,14
2016,11,8,LARCENY-THEFT,77
2016,11,8,MOTOR VEHICLE THEFT,16
2016,11,8,RAPE,2
2016,11,8,ROBBERY,10
2016,11,9,AGGRAVATED ASSAULT,12
2016,11,9,BURGLARY,40
2016,11,9,DRUG OFFENSE,25
2016,11,9,LARCENY-THEFT,78
2016,11,9,MOTOR VEHICLE THEFT,20
2016,11,9,RAPE,1
2016,11,9,ROBBERY,6
2016,11,10,AGGRAVATED ASSAULT,13
2016,11,10,ARSON,1
2016,11,10,BURGLARY,35
2016,11,10,DRUG OFFENSE,17
2016,11,10,LARCENY-THEFT,104
2016,11,10,MOTOR VEHICLE THEFT,15
2016,11,10,RAPE,2
2016,11,10,ROBBERY,6
2016,11,11,AGGRAVATED ASSAULT,14
2016,11,11,ARSON,2
2016,11,11,BURGLARY,37
2016,11,11,DRUG OFFENSE,12
2016,11,11,LARCENY-THEFT,89
2016,11,11,MOTOR VEHICLE THEFT,22
2016,11,11,ROBBERY,7
2016,11,12,AGGRAVATED ASSAULT,23
2016,11,12,ARSON,5
2016,11,12,BURGLARY,26
2016,11,12,DRUG OFFENSE,8
2016,11,12,LARCENY-THEFT,105
2016,11,12,MOTOR VEHICLE THEFT,14
2016,11,12,MURDER AND NON-NEGLIGENT MANSLAUGHTER,1
2016,11,12,RAPE,5
2016,11,12,ROBBERY,6
2016,11,13,AGGRAVATED ASSAULT,17
2016,11,13,BURGLARY,29
2016,11,13,DRUG OFFENSE,9
2016,11,13,LARCENY-THEFT,82
2016,11,13,MOTOR VEHICLE THEFT,22
2016,11,13,RAPE,2
2016,11,13,ROBBERY,9
2016,11,14,AGGRAVATED ASSAULT,11
2016,11,14,ARSON,5
2016,11,14,BURGLARY,26
2016,11,14,DRUG OFFENSE,16
2016,11,14,LARCENY-THEFT,85
2016,11,14,MOTOR VEHICLE THEFT,17
2016,11,14,RAPE,2
2016,11,14,ROBBERY,4
2016,11,15,AGGRAVATED ASSAULT,12
2016,11,15,ARSON,1
2016,11,15,BURGLARY,34
2016,11,15,DRUG OFFENSE,13
2016,11,15,LARCENY-THEFT,91
2016,11,15,MOTOR VEHICLE THEFT,9
2016,11,15,RAPE,1
2016,11,15,ROBBERY,1
2016,11,16,AGGRAVATED ASSAULT,13
2016,11,16,BURGLARY,35
2016,11,16,DRUG OFFENSE,19
2016,11,16,LARCENY-THEFT,95
2016,11,16,MOTOR VEHICLE THEFT,18
2016,11,16,RAPE,2
2016,11,16,ROBBERY,8
2016,11,17,AGGRAVATED ASSAULT,7
2016,11,17,ARSON,2
2016,11,17,BURGLARY,29
2016,11,17,DRUG OFFENSE,22
2016,11,17,LARCENY-THEFT,80
2016,11,17,MOTOR VEHICLE THEFT,17
2016,11,17,RAPE,1
2016,11,17,ROBBERY,12
2016,11,18,AGGRAVATED ASSAULT,10
2016,11,18,ARSON,1
2016,11,18,BURGLARY,49
2016,11,18,DRUG OFFENSE,15
2016,11,18,LARCENY-THEFT,104
2016,11,18,MOTOR VEHICLE THEFT,23
2016,11,18,RAPE,3
2016,11,18,ROBBERY,6
2016,11,19,AGGRAVATED ASSAULT,14
2016,11,19,ARSON,1
2016,11,19,BURGLARY,26
2016,11,19,DRUG OFFENSE,6
2016,11,19,LARCENY-THEFT,76
2016,11,19,MOTOR VEHICLE THEFT,21
2016,11,19,RAPE,3
2016,11,19,ROBBERY,11
2016,11,20,AGGRAVATED ASSAULT,14
2016,11,20,BURGLARY,22
2016,11,20,DRUG OFFENSE,11
2016,11,20,LARCENY-THEFT,76
2016,11,20,MOTOR VEHICLE THEFT,6
2016,11,20,MURDER AND NON-NEGLIGENT MANSLAUGHTER,1
2016,11,20,RAPE,1
2016,11,20,ROBBERY,9
2016,11,21,AGGRAVATED ASSAULT,11
2016,11,21,ARSON,2
2016,11,21,BURGLARY,28
2016,11,21,DRUG OFFENSE,12
2016,11,21,LARCENY-THEFT,74
2016,11,21,MOTOR VEHICLE THEFT,17
2016,11,21,MURDER AND NON-NEGLIGENT MANSLAUGHTER,1
2016,11,21,RAPE,2
2016,11,21,ROBBERY,6
2016,11,22,AGGRAVATED ASSAULT,15
2016,11,22,BURGLARY,30
2016,11,22,DRUG OFFENSE,18
2016,11,22,LARCENY-THEFT,112
2016,11,22,MOTOR VEHICLE THEFT,19
2016,11,22,ROBBERY,6
2016,11,23,AGGRAVATED ASSAULT,11
2016,11,23,BURGLARY,43
2016,11,23,DRUG OFFENSE,17
2016,11,23,LARCENY-THEFT,108
2016,11,23,MOTOR VEHICLE THEFT,24
2016,11,23,MURDER AND NON-NEGLIGENT MANSLAUGHTER,1
2016,11,23,RAPE,1
2016,11,23,ROBBERY,7
2016,11,24,AGGRAVATED ASSAULT,11
2016,11,24,ARSON,1
2016,11,24,BURGLARY,23
2016,11,24,DRUG OFFENSE,6
2016,11,24,LARCENY-THEFT,52
2016,11,24,MOTOR VEHICLE THEFT,16
2016,11,24,RAPE,4
2016,11,24,ROBBERY,5
2016,11,25,AGGRAVATED ASSAULT,17
2016,11,25,BURGLARY,26
2016,11,25,DRUG OFFENSE,10
2016,11,25,LARCENY-THEFT,107
2016,11,25,MOTOR VEHICLE THEFT,15
2016,11,25,RAPE,5
2016,11,25,ROBBERY,8
2016,11,26,AGGRAVATED ASSAULT,12
2016,11,26,ARSON,3
2016,11,26,BURGLARY,26
2016,11,26,DRUG OFFENSE,12
2016,11,26,LARCENY-THEFT,88
2016,11,26,MOTOR VEHICLE THEFT,17
2016,11,26,RAPE,1
2016,11,26,ROBBERY,5
2016,11,27,AGGRAVATED ASSAULT,16
2016,11,27,ARSON,1
2016,11,27,BURGLARY,28
2016,11,27,DRUG OFFENSE,5
2016,11,27,LARCENY-THEFT,98
2016,11,27,MOTOR VEHICLE THEFT,19
2016,11,27,MURDER AND NON-NEGLIGENT MANSLAUGHTER,1
2016,11,27,RAPE,2
2016,11,27,ROBBERY,6
2016,11,28,AGGRAVATED ASSAULT,5
2016,11,28,BURGLARY,34
2016,11,28,DRUG OFFENSE,8
2016,11,28,LARCENY-THEFT,100
2016,11,28,MOTOR VEHICLE THEFT,19
2016,11,28,MURDER AND NON-NEGLIGENT MANSLAUGHTER,1
2016,11,28,RAPE,1
2016,11,28,ROBBERY,7
2016,11,29,AGGRAVATED ASSAULT,14
2016,11,29,BURGLARY,36
2016,11,29,DRUG OFFENSE,13
2016,11,29,LARCENY-THEFT,80
2016,11,29,MOTOR VEHICLE THEFT,16
2016,11,29,RAPE,1
2016,11,29,ROBBERY,5
2016,11,30,AGGRAVATED ASSAULT,15
2016,11,30,BURGLARY,36
2016,11,30,DRUG OFFENSE,17
2016,11,30,LARCENY-THEFT,84
2016,11,30,MOTOR VEHICLE THEFT,29
2016,11,30,ROBBERY,1
2016,12,1,AGGRAVATED ASSAULT,5
2016,12,1,ARSON,1
2016,12,1,BURGLARY,30
2016,12,1,DRUG OFFENSE,22
2016,12,1,LARCENY-THEFT,84
2016,12,1,MOTOR VEHICLE THEFT,24
2016,12,1,RAPE,2
2016,12,1,ROBBERY,5
2016,12,2,AGGRAVATED ASSAULT,7
2016,12,2,ARSON,1
2016,12,2,BURGLARY,29
2016,12,2,DRUG OFFENSE,16
2016,12,2,LARCENY-THEFT,93
2016,12,2,MOTOR VEHICLE THEFT,22
2016,12,2,RAPE,2
2016,12,2,ROBBERY,8
2016,12,3,AGGRAVATED ASSAULT,12
2016,12,3,ARSON,1
2016,12,3,BURGLARY,22
2016,12,3,DRUG OFFENSE,9
2016,12,3,LARCENY-THEFT,76
2016,12,3,MOTOR VEHICLE THEFT,23
2016,12,3,RAPE,2
2016,12,3,ROBBERY,6
2016,12,4,AGGRAVATED ASSAULT,13
2016,12,4,BURGLARY,18
2016,12,4,DRUG OFFENSE,9
2016,12,4,LARCENY-THEFT,82
2016,12,4,MOTOR VEHICLE THEFT,12
2016,12,4,RAPE,1
2016,12,4,ROBBERY,8
2016,12,5,AGGRAVATED ASSAULT,10
2016,12,5,ARSON,1
2016,12,5,BURGLARY,27
2016,12,5,DRUG OFFENSE,12
2016,12,5,LARCENY-THEFT,82
2016,12,5,MOTOR VEHICLE THEFT,31
2016,12,5,RAPE,4
2016,12,5,ROBBERY,5
2016,12,6,AGGRAVATED ASSAULT,7
2016,12,6,ARSON,1
2016,12,6,BURGLARY,24
2016,12,6,DRUG OFFENSE,25
2016,12,6,LARCENY-THEFT,105
2016,12,6,MOTOR VEHICLE THEFT,24
2016,12,6,RAPE,1
2016,12,6,ROBBERY,6
2016,12,7,AGGRAVATED ASSAULT,9
2016,12,7,ARSON,1
2016,12,7,BURGLARY,37
2016,12,7,DRUG OFFENSE,19
2016,12,7,LARCENY-THEFT,91
2016,12,7,MOTOR VEHICLE THEFT,22
2016,12,7,RAPE,5
2016,12,7,ROBBERY,3
2016,12,8,AGGRAVATED ASSAULT,11
2016,12,8,ARSON,1
2016,12,8,BURGLARY,32
2016,12,8,DRUG OFFENSE,20
2016,12,8,LARCENY-THEFT,90
2016,12,8,MOTOR VEHICLE THEFT,23
2016,12,8,RAPE,1
2016,12,8,ROBBERY,7
2016,12,9,AGGRAVATED ASSAULT,14
2016,12,9,ARSON,2
2016,12,9,BURGLARY,39
2016,12,9,DRUG OFFENSE,16
2016,12,9,LARCENY-THEFT,88
2016,12,9,MOTOR VEHICLE THEFT,23
2016,12,9,RAPE,2
2016,12,9,ROBBERY,7
2016,12,10,AGGRAVATED ASSAULT,11
2016,12,10,ARSON,2
2016,12,10,BURGLARY,19
2016,12,10,DRUG OFFENSE,9
2016,12,10,LARCENY-THEFT,86
2016,12,10,MOTOR VEHICLE THEFT,17
2016,12,10,RAPE,1
2016,12,10,ROBBERY,9
2016,12,11,AGGRAVATED ASSAULT,14
2016,12,11,ARSON,3
2016,12,11,BURGLARY,15
2016,12,11,DRUG OFFENSE,10
2016,12,11,LARCENY-THEFT,85
2016,12,11,MOTOR VEHICLE THEFT,18
2016,12,11,RAPE,1
2016,12,11,ROBBERY,12
2016,12,12,AGGRAVATED ASSAULT,17
2016,12,12,BURGLARY,35
2016,12,12,DRUG OFFENSE,8
2016,12,12,LARCENY-THEFT,96
2016,12,12,MOTOR VEHICLE THEFT,30
2016,12,12,MURDER AND NON-NEGLIGENT MANSLAUGHTER,2
2016,12,12,ROBBERY,9
2016,12,13,AGGRAVATED ASSAULT,8
2016,12,13,BURGLARY,60
2016,12,13,DRUG OFFENSE,16
2016,12,13,LARCENY-THEFT,98
2016,12,13,MOTOR VEHICLE THEFT,27
2016,12,13,RAPE,1
2016,12,13,ROBBERY,4
2016,12,14,AGGRAVATED ASSAULT,10
2016,12,14,BURGLARY,32
2016,12,14,DRUG OFFENSE,11
2016,12,14,LARCENY-THEFT,124
2016,12,14,MOTOR VEHICLE THEFT,29
2016,12,14,RAPE,1
2016,12,14,ROBBERY,7
2016,12,15,AGGRAVATED ASSAULT,13
2016,12,15,ARSON,4
2016,12,15,BURGLARY,31
2016,12,15,DRUG OFFENSE,21
2016,12,15,LARCENY-THEFT,108
2016,12,15,MOTOR VEHICLE THEFT,28
2016,12,15,RAPE,4
2016,12,15,ROBBERY,5
2016,12,16,AGGRAVATED ASSAULT,13
2016,12,16,ARSON,1
2016,12,16,BURGLARY,43
2016,12,16,DRUG OFFENSE,12
2016,12,16,LARCENY-THEFT,99
2016,12,16,MOTOR VEHICLE THEFT,27
2016,12,16,MURDER AND NON-NEGLIGENT MANSLAUGHTER,1
2016,12,16,RAPE,1
2016,12,16,ROBBERY,6
2016,12,17,AGGRAVATED ASSAULT,15
2016,12,17,ARSON,2
2016,12,17,BURGLARY,39
2016,12,17,DRUG OFFENSE,16
2016,12,17,LARCENY-THEFT,108
2016,12,17,MOTOR VEHICLE THEFT,29
2016,12,17,MURDER AND NON-NEGLIGENT MANSLAUGHTER,1
2016,12,17,RAPE,2
2016,12,17,ROBBERY,11
2016,12,18,AGGRAVATED ASSAULT,6
2016,12,18,ARSON,1
2016,12,18,BURGLARY,28
2016,12,18,DRUG OFFENSE,7
2016,12,18,LARCENY-THEFT,77
2016,12,18,MOTOR VEHICLE THEFT,10
2016,12,18,RAPE,1
2016,12,18,ROBBERY,9
2016,12,19,AGGRAVATED ASSAULT,12
2016,12,19,BURGLARY,39
2016,12,19,DRUG OFFENSE,11
2016,12,19,LARCENY-THEFT,111
2016,12,19,MOTOR VEHICLE THEFT,14
2016,12,19,RAPE,2
2016,12,19,ROBBERY,3
2016,12,20,AGGRAVATED ASSAULT,10
2016,12,20,ARSON,2
2016,12,20,BURGLARY,44
2016,12,20,DRUG OFFENSE,17
2016,12,20,LARCENY-THEFT,102
2016,12,20,MOTOR VEHICLE THEFT,13
2016,12,20,MURDER AND NON-NEGLIGENT MANSLAUGHTER,3
2016,12,20,RAPE,1
2016,12,20,ROBBERY,7
2016,12,21,AGGRAVATED ASSAULT,8
2016,12,21,BURGLARY,32
2016,12,21,DRUG OFFENSE,27
2016,12,21,LARCENY-THEFT,106
2016,12,21,MOTOR VEHICLE THEFT,23
2016,12,21,RAPE,2
2016,12,21,ROBBERY,10
2016,12,22,AGGRAVATED ASSAULT,10
2016,12,22,BURGLARY,45
2016,12,22,DRUG OFFENSE,17
2016,12,22,LARCENY-THEFT,100
2016,12,22,MOTOR VEHICLE THEFT,20
2016,12,22,RAPE,1
2016,12,22,ROBBERY,12
2016,12,23,AGGRAVATED ASSAULT,13
2016,12,23,ARSON,1
2016,12,23,BURGLARY,38
2016,12,23,DRUG OFFENSE,12
2016,12,23,LARCENY-THEFT,105
2016,12,23,MOTOR VEHICLE THEFT,20
2016,12,23,RAPE,5
2016,12,23,ROBBERY,8
2016,12,24,AGGRAVATED ASSAULT,17
2016,12,24,ARSON,1
2016,12,24,BURGLARY,35
2016,12,24,DRUG OFFENSE,5
2016,12,24,LARCENY-THEFT,77
2016,12,24,MOTOR VEHICLE THEFT,18
2016,12,24,RAPE,4
2016,12,24,ROBBERY,5
2016,12,25,AGGRAVATED ASSAULT,10
2016,12,25,BURGLARY,23
2016,12,25,DRUG OFFENSE,4
2016,12,25,LARCENY-THEFT,42
2016,12,25,MOTOR VEHICLE THEFT,20
2016,12,25,RAPE,1
2016,12,25,ROBBERY,6
2016,12,26,AGGRAVATED ASSAULT,11
2016,12,26,BURGLARY,32
2016,12,26,DRUG OFFENSE,4
2016,12,26,LARCENY-THEFT,71
2016,12,26,MOTOR VEHICLE THEFT,31
2016,12,26,ROBBERY,3
2016,12,27,AGGRAVATED ASSAULT,13
2016,12,27,ARSON,2
2016,12,27,BURGLARY,32
2016,12,27,DRUG OFFENSE,11
2016,12,27,LARCENY-THEFT,101
2016,12,27,MOTOR VEHICLE THEFT,21
2016,12,27,RAPE,1
2016,12,27,ROBBERY,4
2016,12,28,AGGRAVATED ASSAULT,13
2016,12,28,ARSON,2
2016,12,28,BURGLARY,25
2016,12,28,DRUG OFFENSE,15
2016,12,28,LARCENY-THEFT,97
2016,12,28,MOTOR VEHICLE THEFT,15
2016,12,28,RAPE,2
2016,12,28,ROBBERY,6
2016,12,29,AGGRAVATED ASSAULT,16
2016,12,29,ARSON,1
2016,12,29,BURGLARY,23
2016,12,29,DRUG OFFENSE,12
2016,12,29,LARCENY-THEFT,112
2016,12,29,MOTOR VEHICLE THEFT,21
2016,12,29,RAPE,2
2016,12,29,ROBBERY,7
2016,12,30,AGGRAVATED ASSAULT,17
2016,12,30,BURGLARY,35
2016,12,30,DRUG OFFENSE,9
2016,12,30,LARCENY-THEFT,83
2016,12,30,MOTOR VEHICLE THEFT,19
2016,12,30,MURDER AND NON-NEGLIGENT MANSLAUGHTER,1
2016,12,30,RAPE,2
2016,12,30,ROBBERY,7
2016,12,31,AGGRAVATED ASSAULT,12
2016,12,31,ARSON,2
2016,12,31,BURGLARY,34
2016,12,31,DRUG OFFENSE,4
2016,12,31,LARCENY-THEFT,88
2016,12,31,MOTOR VEHICLE THEFT,20
2016,12,31,RAPE,1
2016,12,31,ROBBERY,9
